26,601550865744265234,closed,🆃🅾🅲🅺🆃🅰🅲🅺,2026-02-18 10:00:33.960,INC,SW,Office Word Excel,Head office,Branch SPR,[INC-SW] บริหารสาขา ไม่สามารถพิมพ์รูปภาพใน Word,สาขา บริหารสาขา วันที่ 18/2/69 ผู้แจ้ง ธัญญ์นรี ปัญหา รบกวนตรวจสอบให้หน่อยครับเวลาเซพรูปภาพไม่สามารถปริ้นใน Wordได้ครับ,"สาขา: บริหารสาขา
วันที่: 18/2/69
ผู้แจ้ง : ธัญญ์นรี 
ปัญหา: รบกวนตรวจสอบให้หน่อยครับเวลาเซพรูปภาพไม่สามารถปริ้นใน Wordได้ครับ  ",": รบกวนตรวจสอบให้หน่อยครับเวลาเซพรูปภาพไม่สามารถปริ้นใน Wordได้ครับ

[ผู้แจ้ง] ธัญญ์นรี (ธัญญ์นรี เก๋ 4289)
[หมวดหมู่] Software
[หมวดหมู่ย่อย] Office Word Excel
[บริษัท] Branch SPR
[สาขา] Head office
[เวลา] 18-02-2026 09:59:20

#category Software
#set Branch SPR=Head office
#set Category Software=Office Word Excel
#set Contact=Line แจ้งปัญหาและแจ้งซ่อม
#set Day=Wednesday
#set User ที่แจ้ง=ธัญญ์นรี (ธัญญ์นรี เก๋ 4289)",แจ้งปัญหา : IT,ธัญญ์นรี เก๋ 4289,U11ffef7226ca75c66fb4c0af4af00dc6,C873a1e27a46168fbff823dc1c9578a67,2026-02-18 09:59:20.677,ธัญญ์นรี เก๋ 4289,2026-02-18 10:11:13.300,🆃🅾🅲🅺🆃🅰🅲🅺,เวลาเซพรูปภาพไม่สามารถปริ้นใน Wordได้ครับ,ตรวจสอบพบว่า ทำการ Default MS Word ทำการแก้ไข Default ให้เปิดกับ Photo Viewer ครับ,12
27,601553062418972880,closed,Tonphai,2026-02-18 10:23:19.493,INC,HW,Passport Reader,สีลม,Branch SPR,[INC-HW] สาขาสีลมพลาซ่า เคาน์เตอร์ 3 เครื่องอ่านพาสปอร์ตใช้งานไม่ได้,สาขา สีลมพลาซ่า วันที่ 18/2/69 ผู้แจ้ง อารยา ปัญหา เคาน์เตอร์ 3 ไม่สามารถใช้งานได้เครื่องอ่านพาสปอร์ตได้ค่ะ รบกวนดูให้หน่อยนะคะ,"สาขา: สีลมพลาซ่า
วันที่: 18/2/69
ผู้แจ้ง : อารยา
ปัญหา: เคาน์เตอร์ 3 ไม่สามารถใช้งานได้เครื่องอ่านพาสปอร์ตได้ค่ะ รบกวนดูให้หน่อยนะคะ   ",": เคาน์เตอร์ 3 ไม่สามารถใช้งานได้เครื่องอ่านพาสปอร์ตได้ค่ะ รบกวนดูให้หน่อยนะคะ

[ผู้แจ้ง] อารยา (AYA())
[หมวดหมู่] Hardware
[หมวดหมู่ย่อย] Passport Reader
[บริษัท] Branch SPR
[สาขา] สีลม
[เวลา] 18-02-2026 10:21:10

#category Hardware
#set Branch SPR=สีลม
#set Category Hardware=Passport Reader
#set Contact=Line แจ้งปัญหาและแจ้งซ่อม
#set Day=Wednesday
#set User ที่แจ้ง=อารยา (AYA())",แจ้งปัญหา : IT,"AYA""🌸(₭)",Uc455fe1c14ea8a60907dbd944b563ba3,C873a1e27a46168fbff823dc1c9578a67,2026-02-18 10:21:10.070,"AYA""🌸(₭)",2026-02-18 11:54:51.833,Tonphai,เคาน์เตอร์ 3 ไม่สามารถใช้งานได้เครื่องอ่านพาสปอร์ตได้,"log out ออกจาก POS , อัพเดทวินโด้วและรีสตาทเครื่อง pc",93
28,601553456029500007,closed,Tonphai,2026-02-18 11:56:48.840,INC,HW,อุปกรณ์ต่อพ่วงสำหรับ PC,สีลม,Branch SPR,[INC-HW] สาขาสีลมพลาซ่า เคาน์เตอร์ 4 เม้าส์เซ็นเซอร์ไม่ค่อยติด,สาขา สีลมพลาซ่า วันที่ 18/2/69 ผู้แจ้ง อารยา ปัญหา เคาน์เตอร์ 4 เซ็นเซอร์เม้าส์ไม่ค่อยติด รบกวนดูให้หน่อยนะคะ,"สาขา: สีลมพลาซ่า
วันที่: 18/2/69
ผู้แจ้ง : อารยา
ปัญหา: เคาน์เตอร์ 4 เซ็นเซอร์เม้าส์ไม่ค่อยติด รบกวนดูให้หน่อยนะคะ ",": เคาน์เตอร์ 4 เซ็นเซอร์เม้าส์ไม่ค่อยติด รบกวนดูให้หน่อยนะคะ

[ผู้แจ้ง] อารยา (AYA())
[หมวดหมู่] Hardware
[หมวดหมู่ย่อย] อุปกรณ์ต่อพ่วงสำหรับ PC
[บริษัท] Branch SPR
[สาขา] สีลม
[เวลา] 18-02-2026 10:25:04

#category Hardware
#set Branch SPR=สีลม
#set Category Hardware=อุปกรณ์ต่อพ่วงสำหรับ PC
#set Contact=Line แจ้งปัญหาและแจ้งซ่อม
#set Day=Wednesday
#set User ที่แจ้ง=อารยา (AYA())",แจ้งปัญหา : IT,"AYA""🌸(₭)",Uc455fe1c14ea8a60907dbd944b563ba3,C873a1e27a46168fbff823dc1c9578a67,2026-02-18 10:25:04.813,"AYA""🌸(₭)",2026-02-18 11:57:25.147,Tonphai,เคาน์เตอร์ 4 เซ็นเซอร์เม้าส์ติดๆดับๆ,เปลี่ยนเม้าส์ใหม่ครับ,92
29,601554828354912293,closed,🆃🅾🅲🅺🆃🅰🅲🅺,2026-02-18 10:39:20.583,INC,PRINTER,Printer,ราชดำริห์,Branch SPR,[INC-PRINTER] ราชดำริห์ เครื่องเทอมอล พิมพ์ไม่ออก,สาขาราชดำริห์ (บ้านสวย) วันที่ 18/02/69 เวลา 10.39 ผู้แจ้ง มยุรี ปัญหา เครื่องเทอมอล เครื่องปริ้นไม่ออก ทำการเปิดปิดใหม่แล้วขยับปลั๊กแล้ว ก็ยังไมได้ รบกวนตรวจให้หน่อยค่ะ,"🧧 สาขาราชดำริห์ (บ้านสวย)
🧧 วันที่ 18/02/69
🧧 เวลา 10.39
🧧 ผู้แจ้ง มยุรี
🧧 ปัญหา เครื่องเทอมอล
เครื่องปริ้นไม่ออก ทำการเปิดปิดใหม่แล้วขยับปลั๊กแล้ว ก็ยังไมได้ รบกวนตรวจให้หน่อยค่ะ","เครื่องเทอมอล
เครื่องปริ้นไม่ออก ทำการเปิดปิดใหม่แล้วขยับปลั๊กแล้ว ก็ยังไมได้ รบกวนตรวจให้หน่อยค่ะ

[ผู้แจ้ง] มยุรี (Yuree95)
[หมวดหมู่] Printer
[หมวดหมู่ย่อย] Printer
[บริษัท] Branch SPR
[สาขา] ราชดำริห์
[เวลา] 18-02-2026 10:38:42

#category Printer
#set Branch SPR=ราชดำริห์

#set Contact=Line แจ้งปัญหาและแจ้งซ่อม
#set Day=Wednesday
#set User ที่แจ้ง=มยุรี (Yuree95)",แจ้งปัญหา : IT,Yuree95,U70e1f5cd8693cd128613929790a82c24,C873a1e27a46168fbff823dc1c9578a67,2026-02-18 10:38:42.597,Yuree95,2026-02-18 19:50:54.167,🆃🅾🅲🅺🆃🅰🅲🅺,เครื่องเทอมอล เครื่องปริ้นไม่ออก,ทำการ Uninstall driver เก่าที่ไม่ตรงรุ่นออกและทำการ Install driver ที่ตรงรุ่นเข้าใหม่ สามารถปริ้นได้เรียบร้อยครับ,552
30,601558093335888385,closed,🆃🅾🅲🅺🆃🅰🅲🅺,2026-02-18 11:19:46.117,INC,HW,PC (Client),SPRT-ศาลาแดง,Branch Franchise,[INC-HW] สาขา bts ศาลาแดง เครื่อง 2 หน้าจอดับ เปิดไม่ติด,สาขา bts ศาลาแดง ผู้แจ้ง วิทวัส ปัญหา คอมเครื่อง 2 หน้าจอดับครับ เปิดไม่ติด,"สาขา: bts ศาลาแดง
ผู้แจ้ง: วิทวัส
ปัญหา: คอมเครื่อง 2 หน้าจอดับครับ เปิดไม่ติด",": คอมเครื่อง 2 หน้าจอดับครับ เปิดไม่ติด

[ผู้แจ้ง] วิทวัส (FORC15)
[หมวดหมู่] Hardware
[หมวดหมู่ย่อย] PC (Client)
[บริษัท] Branch Franchise
[สาขา] SPRT-ศาลาแดง
[เวลา] 18-02-2026 11:11:08

#category Hardware
#set Branch Franchise=SPRT-ศาลาแดง
#set Category Hardware=PC (Client)
#set Contact=Line แจ้งปัญหาและแจ้งซ่อม
#set Day=Wednesday
#set User ที่แจ้ง=วิทวัส (FORC15)",[SPRT] แจ้งปัญหาเกี่ยวกับ IT,🐯FORC€15🐅,Ud0e300fb0b607fee01f1044868a3e88c,Cd2218e400e6c9430d50d73d034863138,2026-02-18 11:11:08.717,🐯FORC€15🐅,2026-02-19 08:04:40.037,🆃🅾🅲🅺🆃🅰🅲🅺,คอมเครื่อง 2 หน้าจอดับครับ เปิดไม่ติด,ทำการตรวจสอบพบว่าสายหลวมทำการเสียบให้แน่หน้าจอติดปกติแล้วครับ,1253
31,601559220696908288,closed,🆃🅾🅲🅺🆃🅰🅲🅺,2026-02-18 11:23:42.120,INC,PRINTER,Printer,ราชดำริห์,Branch SPR,[INC-PRINTER] ราชดำริห์ เครื่องพิมพ์ใบเสร็จไม่ออก,สาขา ราชดำริห์ (บ้านสวย) วันที่ 18/2/69 เวลา 11.21 น. ผู้แจ้ง ณัฐกฤตา ปัญหา เครื่องพิมพ์ใบเสร็จไม่ออกค่ะ เบื้องต้นเช็ดทำความสะอาด ลองถอดสายแล้วเสียบใหม่ดูแล้ว แต่ยังใช้งานไม่ได้เหมือนเดิมค่ะ,"สาขา : ราชดำริห์ (บ้านสวย)
วันที่ : 18/2/69
เวลา : 11.21 น.
ผู้แจ้ง : ณัฐกฤตา
ปัญหา : เครื่องพิมพ์ใบเสร็จไม่ออกค่ะ เบื้องต้นเช็ดทำความสะอาด ลองถอดสายแล้วเสียบใหม่ดูแล้ว แต่ยังใช้งานไม่ได้เหมือนเดิมค่ะ",": เครื่องพิมพ์ใบเสร็จไม่ออกค่ะ เบื้องต้นเช็ดทำความสะอาด ลองถอดสายแล้วเสียบใหม่ดูแล้ว แต่ยังใช้งานไม่ได้เหมือนเดิมค่ะ

[ผู้แจ้ง] ณัฐกฤตา (Natkritta)
[หมวดหมู่] Printer
[หมวดหมู่ย่อย] Printer
[บริษัท] Branch SPR
[สาขา] ราชดำริห์
[เวลา] 18-02-2026 11:22:20

#category Printer
#set Branch SPR=ราชดำริห์

#set Contact=Line แจ้งปัญหาและแจ้งซ่อม
#set Day=Wednesday
#set User ที่แจ้ง=ณัฐกฤตา (Natkritta)",แจ้งปัญหา : IT,Natkritta🐣,Ud9ec9fec85e49867f2c6ae33b5fa9e26,C873a1e27a46168fbff823dc1c9578a67,2026-02-18 11:22:20.670,Natkritta🐣,2026-02-18 19:52:46.450,🆃🅾🅲🅺🆃🅰🅲🅺,เครื่องเทอมอล เครื่องปริ้นไม่ออก,ทำการ Uninstall driver เก่าที่ไม่ตรงรุ่นออกและทำการ Install driver ที่ตรงรุ่นเข้าใหม่ สามารถปริ้นได้เรียบร้อยครับ,510
32,601564707014836602,closed,Tonphai,2026-02-18 12:17:16.357,INC,HW,ThaiID Reader,ซีคอนสแควร์,Branch SPR,[INC-HW] เครื่องสแกนบัตรประชาชนสแกนไม่อ่าน ค้าง,สาขา สาขาซีคอนศรีนครินทร์ ผู้แจ้ง นัฐพร วันที่ 18/02/2569 เวลา 12.08 ปัญหา เครื่องสแกนบัตรประชาชนสแกนไม่อ่าน ต้องคอยถอดสาย USB เข้าออก ตลอด ทำให้เครื่องค้าง(เครื่องเดิมค่ะ) รบกวนเช็คให้หน่อยค่ะ,"🧡สาขา : สาขาซีคอนศรีนครินทร์
🧡 ผู้แจ้ง : นัฐพร
🧡วันที่ : 18/02/2569
🧡 เวลา : 12.08
🧡 ปัญหา :  เครื่องสแกนบัตรประชาชนสแกนไม่อ่าน ต้องคอยถอดสาย USB  เข้าออก ตลอด ทำให้เครื่องค้าง(เครื่องเดิมค่ะ) รบกวนเช็คให้หน่อยค่ะ",":  เครื่องสแกนบัตรประชาชนสแกนไม่อ่าน ต้องคอยถอดสาย USB  เข้าออก ตลอด ทำให้เครื่องค้าง(เครื่องเดิมค่ะ) รบกวนเช็คให้หน่อยค่ะ

[ผู้แจ้ง] นัฐพร (Nui)
[หมวดหมู่] Hardware
[หมวดหมู่ย่อย] ThaiID Reader
[บริษัท] Branch SPR
[สาขา] ซีคอนสแควร์
[เวลา] 18-02-2026 12:16:50

#category Hardware
#set Branch SPR=ซีคอนสแควร์
#set Category Hardware=ThaiID Reader
#set Contact=Line แจ้งปัญหาและแจ้งซ่อม
#set Day=Wednesday
#set User ที่แจ้ง=นัฐพร (Nui)",แจ้งปัญหา : IT,Nui.🧋,Ud408d32ccf6b03a7e42d7a0fd81c2fa0,C873a1e27a46168fbff823dc1c9578a67,2026-02-18 12:16:50.767,Nui.🧋,2026-02-18 13:00:04.073,Tonphai,เครื่องสแกนบัตรประชาชนไม่อ่านบัตร,"ออกจากระบบ pos, อัพเดทแฟ้มข้อมูล, รีสตาทเครื่อง PC",44
33,601571428201922616,closed,Tonphai,2026-02-18 15:12:56.477,INC,HW,Passport Reader,สีลม,Branch SPR,[INC-HW] สาขาสีลม เคาน์เตอร์3 พาสปอร์ต สแกนแล้วไฟไม่ขึ้น,ต่อเนื่องจากเครื่องสแกนพาสปอต เคาน์เตอร์3 สาขาสีลมค่ะ -พบปัญหาเพิ่มเติม คือ บางครั้งสแกนแล้วไฟไม่ขึ้น พอไฟขึ้นจะกระพริบรัวๆหลายครั้ง แล้วขึ้นข้อมูล แต่ไม่ขึ้นรูปถ่ายของลค.บนพาสปอตค่ะ,"ต่อเนื่องจากเครื่องสแกนพาสปอต เคาน์เตอร์3 สาขาสีลมค่ะ
-พบปัญหาเพิ่มเติม คือ บางครั้งสแกนแล้วไฟไม่ขึ้น พอไฟขึ้นจะกระพริบรัวๆหลายครั้ง แล้วขึ้นข้อมูล แต่ไม่ขึ้นรูปถ่ายของลค.บนพาสปอตค่ะ","เพิ่มเติม คือ บางครั้งสแกนแล้วไฟไม่ขึ้น พอไฟขึ้นจะกระพริบรัวๆหลายครั้ง แล้วขึ้นข้อมูล แต่ไม่ขึ้นรูปถ่ายของลค.บนพาสปอตค่ะ

[ผู้แจ้ง] ไม่ได้ระบุ (Kitti)
[หมวดหมู่] Hardware
[หมวดหมู่ย่อย] Passport Reader
[บริษัท] Branch SPR
[สาขา] สีลม
[เวลา] 18-02-2026 13:23:36

#category Hardware
#set Branch SPR=สีลม
#set Category Hardware=Passport Reader
#set Contact=Line แจ้งปัญหาและแจ้งซ่อม
#set Day=Wednesday
#set User ที่แจ้ง=ไม่ได้ระบุ (Kitti)",แจ้งปัญหา : IT,Kitti🩶,U57991faf6952b1c0bb95e11ec4380642,C873a1e27a46168fbff823dc1c9578a67,2026-02-18 13:23:36.987,Kitti🩶,2026-02-26 13:46:44.330,Tonphai,เครื่องสแกนพาสปอตสแกนแล้วไฟไม่ขึ้น พอไฟขึ้นจะกระพริบรัวๆหลายครั้ง,ดำเนินการ Spare เครื่องสแกนพาสปอตสำรองให้ใช้ชั่วคราวครับ,11542
34,601585736919285831,closed,Tonphai,2026-02-18 15:53:59.350,INC,POS,SPR Exchange POS,เซ็นทรัลลาดพร้าว,Branch SPR,[INC-POS] สาขา CT ลาดพร้าว ระบบค้างทุกเคาน์เตอร์,(hello kitty)สาขา CT ลาดพร้าว (kuromi)ผู้แจ้ง ศศินา (pochacco)วันที่ 18/02/2569 (hey)เวลา 1545 (!)ปัญหา ระบบค้างทุกเค้าท์เตอร์,"(hello kitty)สาขา : CT ลาดพร้าว
(kuromi)ผู้แจ้ง : ศศินา
(pochacco)วันที่ : 18/02/2569
(hey)เวลา : 15:45
(!)ปัญหา : ระบบค้างทุกเค้าท์เตอร์",": ระบบค้างทุกเค้าท์เตอร์

[ผู้แจ้ง] ศศินา (BabyBoo 365)
[หมวดหมู่] Software
[หมวดหมู่ย่อย] SPR Exchange POS
[บริษัท] Branch SPR
[สาขา] เซ็นทรัลลาดพร้าว
[เวลา] 18-02-2026 15:45:45

#category Software
#set Branch SPR=เซ็นทรัลลาดพร้าว
#set Category Software=SPR Exchange POS
#set Contact=Line แจ้งปัญหาและแจ้งซ่อม
#set Day=Wednesday
#set User ที่แจ้ง=ศศินา (BabyBoo 365)",แจ้งปัญหา : IT,BabyBoo 365♾,Uf641914ebad508cc37960a1123cff7eb,C873a1e27a46168fbff823dc1c9578a67,2026-02-18 15:45:45.643,BabyBoo 365♾,2026-02-19 17:47:57.290,Tonphai,ระบบค้างทุกเค้าท์เตอร์,ตรวจสอบ server และรอให้ ram กับ Hdd หายพีค,1562
35,601608821110472984,closed,🆃🅾🅲🅺🆃🅰🅲🅺,2026-02-18 19:47:04.890,INC,SW,Office Word Excel,ซีคอนบางแค,Branch SPR,[INC-SW] ซีคอนบางแค แก้ไขโปรแกรม Excel,(hello kitty)สาขา ซีคอนบางแค (kuromi)ผู้แจ้ง ณัฐนพิน (pochacco)วันที่ 18/02/2569 (hey)เวลา 19.34 (!)ปัญหา แก้ไขโปรแกรม Excel ค่ะ,"(hello kitty)สาขา : ซีคอนบางแค
(kuromi)ผู้แจ้ง : ณัฐนพิน
(pochacco)วันที่ : 18/02/2569
(hey)เวลา : 19.34
(!)ปัญหา :  แก้ไขโปรแกรม  Excel ค่ะ",":  แก้ไขโปรแกรม  Excel ค่ะ

[ผู้แจ้ง] ณัฐนพิน (NTP  CREAM)
[หมวดหมู่] Software
[หมวดหมู่ย่อย] Office Word Excel
[บริษัท] Branch SPR
[สาขา] ซีคอนบางแค
[เวลา] 18-02-2026 19:35:04

#category Software
#set Branch SPR=ซีคอนบางแค
#set Category Software=Office Word Excel
#set Contact=Line แจ้งปัญหาและแจ้งซ่อม
#set Day=Wednesday
#set User ที่แจ้ง=ณัฐนพิน (NTP  CREAM)",แจ้งปัญหา : IT,NTP  CREAM,U0bd5ce5a2d52ef491fd5aab84acc44bf,C873a1e27a46168fbff823dc1c9578a67,2026-02-18 19:35:04.903,NTP  CREAM,2026-02-18 19:47:43.120,🆃🅾🅲🅺🆃🅰🅲🅺,แก้ไขโปรแกรม Excel ค่ะ,ทำการ Uninstall Program WPS Office ออก สามารถเปิด Excel ได้เรียบร้อยครับ,12
36,601690145779089634,closed,Tonphai,2026-02-19 09:04:01.397,INC,POS,SPR Exchange POS,ราชดำริห์,Branch SPR,[INC-POS] ราชดำริห์ POS ค้างทุกเครื่อง,สาขาราชดำริห์ (บ้านสวย) วันที่ 19/02/69 เวลา 09.02น ผู้แจ้ง ญิ๋ง ปัญหา POS ระบบ POS ค้างทุกเครื่องค่ะ รบกวนตรวจสอบให้ด้วยนะคะ,"🍊 สาขาราชดำริห์ (บ้านสวย)
🍊 วันที่ 19/02/69
🍊เวลา 09.02น
🍊 ผู้แจ้ง ญิ๋ง
🧧 ปัญหา POS
ระบบ POS ค้างทุกเครื่องค่ะ รบกวนตรวจสอบให้ด้วยนะคะ","POS
ระบบ POS ค้างทุกเครื่องค่ะ รบกวนตรวจสอบให้ด้วยนะคะ

[ผู้แจ้ง] ญิ๋ง (YingLada )
[หมวดหมู่] Software
[หมวดหมู่ย่อย] SPR Exchange POS
[บริษัท] Branch SPR
[สาขา] ราชดำริห์
[เวลา] 19-02-2026 09:02:58

#category Software
#set Branch SPR=ราชดำริห์
#set Category Software=SPR Exchange POS
#set Contact=Line แจ้งปัญหาและแจ้งซ่อม
#set Day=Thursday
#set User ที่แจ้ง=ญิ๋ง (YingLada )",แจ้งปัญหา : IT,𝓨𝓲𝓷𝓰𝓛𝓪𝓭𝓪 🐉✨️🧠💪,U7c8bd7012a6f4f8e94a65c0636bee389,C873a1e27a46168fbff823dc1c9578a67,2026-02-19 09:02:58.053,𝓨𝓲𝓷𝓰𝓛𝓪𝓭𝓪 🐉✨️🧠💪,2026-02-19 17:49:23.610,Tonphai,ระบบค้างทุกเค้าท์เตอร์,ตรวจสอบ server และรอให้ ram กับ Hdd หายพีค,527
37,601691733625667809,closed,Tonphai,2026-02-19 09:21:23.010,INC,HW,UPS,SPRT-อ่อนนุช,Branch Franchise,[INC-HW] BTS อ่อนนุช เครื่องสำรองไฟดับ เปิดไม่ติด,สาขา BTS อ่อนนุช ผู้แจ้ง ทิพย์ ปัญหา เครื่องสำรองไฟดับ 1 ตัว เปิดไม่ติดเลยค่ะ,"สาขา: BTS อ่อนนุช

ผู้แจ้ง: ทิพย์

ปัญหา: เครื่องสำรองไฟดับ 1 ตัว เปิดไม่ติดเลยค่ะ
",": เครื่องสำรองไฟดับ 1 ตัว เปิดไม่ติดเลยค่ะ

[ผู้แจ้ง] ทิพย์ (TIP)
[หมวดหมู่] Hardware
[หมวดหมู่ย่อย] UPS
[บริษัท] Branch Franchise
[สาขา] SPRT-อ่อนนุช
[เวลา] 19-02-2026 09:18:44

#category Hardware
#set Branch Franchise=SPRT-อ่อนนุช
#set Category Hardware=UPS
#set Contact=Line แจ้งปัญหาและแจ้งซ่อม
#set Day=Thursday
#set User ที่แจ้ง=ทิพย์ (TIP)",[SPRT] แจ้งปัญหาเกี่ยวกับ IT,TIP,U6f96ccfbada9bccab1096208edbda1a1,Cd2218e400e6c9430d50d73d034863138,2026-02-19 09:18:44.610,TIP,2026-02-19 17:59:51.657,Tonphai,เครื่องสำรองไฟดับ 1 ตัว,ตรวจสอบเครื่องสำรองไฟแบตอาจจะเสื่อม เลยได้ให้เชื่อมต่อโดยตรงกับปลั๊กไฟก่อนครับ,521
38,601693680671392280,closed,Tonphai,2026-02-19 09:47:17.110,SR,HW,Passport Reader,SPRT-สยาม,Branch Franchise,[SR-HW] BTS สยามสแควร์ เครื่องสแกนพาสปอร์ตลง Driver ใหม่,สาขา BTS สยามสแควร์ ผู้แจ้ง พลอย ปัญหา รบกวนลง Driver ใหม่ให้เครื่องสแกนพาสปอร์ตใหม่ QR4000 (I) & SDK 1 เครื่อง ให้หน่อยค่ะ,"สาขา: BTS สยามสแควร์

ผู้แจ้ง: พลอย

ปัญหา: รบกวนลง Driver ใหม่ให้เครื่องสแกนพาสปอร์ตใหม่ QR4000 (I) & SDK 1 เครื่อง ให้หน่อยค่ะ",": รบกวนลง Driver ใหม่ให้เครื่องสแกนพาสปอร์ตใหม่ QR4000 (I) & SDK 1 เครื่อง ให้หน่อยค่ะ

[ผู้แจ้ง] พลอย (Ploy)
[หมวดหมู่] Hardware
[หมวดหมู่ย่อย] Passport Reader
[บริษัท] Branch Franchise
[สาขา] SPRT-สยาม
[เวลา] 19-02-2026 09:38:05

#category Hardware
#set Branch Franchise=SPRT-สยาม
#set Category Hardware=Passport Reader
#set Contact=Line แจ้งปัญหาและแจ้งซ่อม
#set Day=Thursday
#set User ที่แจ้ง=พลอย (Ploy)",[SPRT] แจ้งปัญหาเกี่ยวกับ IT,Ploy🐹,U0dd46bf5317a215ca34f9d6bb789d6fe,Cd2218e400e6c9430d50d73d034863138,2026-02-19 09:38:05.017,Ploy🐹,2026-02-25 16:15:35.273,🆃🅾🅲🅺🆃🅰🅲🅺,รบกวนลง Driver,ดำเนินการลง Driver Passport QR4000 (I) สามารถใช้งานได้เรียบร้อยครับ,9036
39,601701485868482971,closed,GooD,2026-02-19 10:59:57.777,INC,HW,PC (Client),ราชดำริห์,Branch SPR,[INC-HW] ราชดำริห์ เครื่องทำงานช้า DISK NO SPACE,สาขาราชดำริห์ (บ้านสวย) วันที่ 19/02/69 เวลา 10.55น ผู้แจ้ง ญิ๋ง ปัญหา เครื่องทำงานช้า DISK NO SPACE,"🍊 สาขาราชดำริห์ (บ้านสวย)
🍊 วันที่ 19/02/69
🍊เวลา 10.55น
🍊 ผู้แจ้ง ญิ๋ง
🧧 ปัญหา เครื่องทำงานช้า
DISK NO SPACE ","เครื่องทำงานช้า
DISK NO SPACE

[ผู้แจ้ง] ญิ๋ง (YingLada )
[หมวดหมู่] Hardware
[หมวดหมู่ย่อย] PC (Client)
[บริษัท] Branch SPR
[สาขา] ราชดำริห์
[เวลา] 19-02-2026 10:55:37

#category Hardware
#set Branch SPR=ราชดำริห์
#set Category Hardware=PC (Client)
#set Contact=Line แจ้งปัญหาและแจ้งซ่อม
#set Day=Thursday
#set User ที่แจ้ง=ญิ๋ง (YingLada )",แจ้งปัญหา : IT,𝓨𝓲𝓷𝓰𝓛𝓪𝓭𝓪 🐉✨️🧠💪,U7c8bd7012a6f4f8e94a65c0636bee389,C873a1e27a46168fbff823dc1c9578a67,2026-02-19 10:55:37.273,𝓨𝓲𝓷𝓰𝓛𝓪𝓭𝓪 🐉✨️🧠💪,2026-02-19 12:35:44.683,GooD,เครื่องทำงานช้า DISK NO SPACE,ทำการลบข้อมูลในไดร์ C ให้เรียบร้อยแล้วครับ,100
40,601703656353693919,closed,Tonphai,2026-02-19 11:31:26.177,INC,HW,ThaiID Reader,ซีคอนสแควร์,Branch SPR,[INC-HW] สาขาซีคอนศรีนครินทร์ เครื่องสแกนบัตรประชาชนสไม่อ่าน,สาขา สาขาซีคอนศรีนครินทร์ ผู้แจ้ง นัฐพร วันที่ 19/02/2569 เวลา 11.15 ปัญหา เครื่องสแกนบัตรประชาชนสไม่อ่าน ต้องคอยถอดสาย USB เข้าออก ตลอด ทำให้เครื่องค้าง(เครื่องเดิมค่ะ) รบกวนเช็คให้หน่อยค่ะ,"🧡สาขา : สาขาซีคอนศรีนครินทร์
🧡 ผู้แจ้ง : นัฐพร
🧡วันที่ : 19/02/2569
🧡 เวลา : 11.15
🧡 ปัญหา :  เครื่องสแกนบัตรประชาชนสไม่อ่าน ต้องคอยถอดสาย USB  เข้าออก ตลอด ทำให้เครื่องค้าง(เครื่องเดิมค่ะ) รบกวนเช็คให้หน่อยค่ะ",":  เครื่องสแกนบัตรประชาชนสไม่อ่าน ต้องคอยถอดสาย USB  เข้าออก ตลอด ทำให้เครื่องค้าง(เครื่องเดิมค่ะ) รบกวนเช็คให้หน่อยค่ะ

[ผู้แจ้ง] นัฐพร (Nui)
[หมวดหมู่] Hardware
[หมวดหมู่ย่อย] ThaiID Reader
[บริษัท] Branch SPR
[สาขา] ซีคอนสแควร์
[เวลา] 19-02-2026 11:17:10

#category Hardware
#set Branch SPR=ซีคอนสแควร์
#set Category Hardware=ThaiID Reader
#set Contact=Line แจ้งปัญหาและแจ้งซ่อม
#set Day=Thursday
#set User ที่แจ้ง=นัฐพร (Nui)",แจ้งปัญหา : IT,Nui.🧋,Ud408d32ccf6b03a7e42d7a0fd81c2fa0,C873a1e27a46168fbff823dc1c9578a67,2026-02-19 11:17:10.000,Nui.🧋,2026-02-19 12:19:59.553,Tonphai,เครื่องสแกนบัตรประชาชนไม่อ่านบัตร,"ออกจากระบบ pos, อัพเดทแฟ้มข้อมูล, รีสตาทเครื่อง PC",62
41,601704428155699304,closed,🆃🅾🅲🅺🆃🅰🅲🅺,2026-02-19 11:25:14.237,INC,HW,UPS,SPRT-พร้อมพงษ์,Branch Franchise,[INC-HW] BTS พร้อมพงษ์ เครื่องสำรองไฟดัง,สาขา BTS พร้อมพงษ์ ผู้แจ้ง ใหม่ ปัญหา เครื่องสำรองไฟดัง (เครื่องเล็ก) ค่ะ,"สาขา: BTS พร้อมพงษ์

ผู้แจ้ง: ใหม่

ปัญหา: เครื่องสำรองไฟดัง (เครื่องเล็ก) ค่ะ
",": เครื่องสำรองไฟดัง (เครื่องเล็ก) ค่ะ

[ผู้แจ้ง] ใหม่ ( Maii  )
[หมวดหมู่] Hardware
[หมวดหมู่ย่อย] UPS
[บริษัท] Branch Franchise
[สาขา] SPRT-พร้อมพงษ์
[เวลา] 19-02-2026 11:24:51

#category Hardware
#set Branch Franchise=SPRT-พร้อมพงษ์
#set Category Hardware=UPS
#set Contact=Line แจ้งปัญหาและแจ้งซ่อม
#set Day=Thursday
#set User ที่แจ้ง=ใหม่ ( Maii  )",[SPRT] แจ้งปัญหาเกี่ยวกับ IT,♾️ Maii  ♾️,U0d7faa14e05507233ceeb8f271879c96,Cd2218e400e6c9430d50d73d034863138,2026-02-19 11:24:51.000,♾️ Maii  ♾️,2026-02-20 09:11:37.880,🆃🅾🅲🅺🆃🅰🅲🅺,เครื่องสำรองไฟดัง (เครื่องเล็ก),เข้าทำการตรวจสอบแก้ไข ปิด-เปิดเครื่องสำรองไฟ เครื่องไม่ดังแล้วครับ,1307
42,601710689765818626,closed,🆃🅾🅲🅺🆃🅰🅲🅺,2026-02-19 12:33:01.673,INC,HW,ThaiID Reader,MRT สนามไชย,Branch SPR,[INC-HW] MRT สนามไชย เคาน์เตอร์ 1 เครื่องสแกนบัตร ใช้งานไม่ได้,สาขา สาขา MRT สนามไชย ผู้แจ้ง วิชญาดา อารมณ์ชื่น วันที่ 19/02/2569 เวลา 12.25 ปัญหา เครื่องสแกนบัตรประชาชนเคาร์เตอร์ 1 ใช้งานไม่ได้ค่ะ เบื่องต้นลองเสียบใหม่หลายครั้งแล้วแต่ยังใช้งานไม่ได้ค่ะ,"🧡สาขา : สาขา MRT สนามไชย
🧡 ผู้แจ้ง : วิชญาดา อารมณ์ชื่น
🧡วันที่ : 19/02/2569
🧡 เวลา : 12.25
🧡 ปัญหา :  เครื่องสแกนบัตรประชาชนเคาร์เตอร์ 1 ใช้งานไม่ได้ค่ะ เบื่องต้นลองเสียบใหม่หลายครั้งแล้วแต่ยังใช้งานไม่ได้ค่ะ ",":  เครื่องสแกนบัตรประชาชนเคาร์เตอร์ 1 ใช้งานไม่ได้ค่ะ เบื่องต้นลองเสียบใหม่หลายครั้งแล้วแต่ยังใช้งานไม่ได้ค่ะ

[ผู้แจ้ง] วิชญาดา อารมณ์ชื่น (Fanta_)
[หมวดหมู่] Hardware
[หมวดหมู่ย่อย] ThaiID Reader
[บริษัท] Branch SPR
[สาขา] MRT สนามไชย
[เวลา] 19-02-2026 12:27:03

#category Hardware
#set Branch SPR=MRT สนามไชย
#set Category Hardware=ThaiID Reader
#set Contact=Line แจ้งปัญหาและแจ้งซ่อม
#set Day=Thursday
#set User ที่แจ้ง=วิชญาดา อารมณ์ชื่น (Fanta_)",แจ้งปัญหา : IT,Fanta_,Udea915adcae952184270e7eaf4c35e17,C873a1e27a46168fbff823dc1c9578a67,2026-02-19 12:27:03.000,Fanta_,2026-02-19 16:59:53.340,🆃🅾🅲🅺🆃🅰🅲🅺,เครื่องสแกนบัตรประชาชนใช้งานไม่ได้ครับ,ทางสาขาได้รับเครื่องสแกนบัตรประชาชนทำการเสียบใช้งาน สามารถสแกนข้อมูลบนบัตรใน POS ได้เรียบร้อยครับ,272
43,601730477618889101,closed,Tonphai,2026-02-19 15:45:55.030,INC,HW,ThaiID Reader,อีสต์วิลล์ ชั้น 3,Branch SPR,[INC-HW] เซ็นทรัลอีสต์วิลล์ เครื่องสแกนบัตร ไฟไม่กระพริบ,สาขา เซ็นทรัลอีสต์วิลล์ ผู้แจ้ง ภูมิศักดิ์ วันที่ 19/02/2569 เวลา 15.43 ปัญหา เครื่องสแกนบัตรประชาชนใช้งานไม่ได้ครับ ไฟไม่กระพริบดึงข้อมูลไม่ได้,"🧡สาขา : เซ็นทรัลอีสต์วิลล์
🧡 ผู้แจ้ง : ภูมิศักดิ์
🧡วันที่ : 19/02/2569
🧡 เวลา : 15.43
🧡 ปัญหา :  เครื่องสแกนบัตรประชาชนใช้งานไม่ได้ครับ ไฟไม่กระพริบดึงข้อมูลไม่ได้",":  เครื่องสแกนบัตรประชาชนใช้งานไม่ได้ครับ ไฟไม่กระพริบดึงข้อมูลไม่ได้

[ผู้แจ้ง] ภูมิศักดิ์ ()
[หมวดหมู่] Hardware
[หมวดหมู่ย่อย] ThaiID Reader
[บริษัท] Branch SPR
[สาขา] อีสต์วิลล์ ชั้น 3
[เวลา] 19-02-2026 15:43:37

#category Hardware
#set Branch SPR=อีสต์วิลล์ ชั้น 3
#set Category Hardware=ThaiID Reader
#set Contact=Line แจ้งปัญหาและแจ้งซ่อม
#set Day=Thursday
#set User ที่แจ้ง=ภูมิศักดิ์ ()",แจ้งปัญหา : IT,⚽,Uc358f53ed44ca681a200249a8659229e,C873a1e27a46168fbff823dc1c9578a67,2026-02-19 15:43:37.000,⚽,2026-02-19 16:26:52.153,🆃🅾🅲🅺🆃🅰🅲🅺,เครื่องสแกนบัตรประชาชนใช้งานไม่ได้ครับ,ทาง IT การตรวจสอบพบว่าเครื่องสแกนบัตรประชาชนเสีย ไมาสามารถอ่านบัตรประชาชนได้แจ้งหน่วงงานที่เกี่ยวข้องทำการเปลี่ยนเครื่องใหม่ครับ,43
44,601834458978976035,closed,🆃🅾🅲🅺🆃🅰🅲🅺,2026-02-20 08:58:27.710,INC,RATE,Rate Exchange WEB,MRT สนามไชย,Branch SPR,[INC-RATE] สนามไชย ทีวี MRT เปิดเรทไม่ได้ ขึ้นไม่มีสัญญาณ,สาขา สนามไชย ผู้แจ้ง ณัฐสุดา วันที่ 20/02/2569 เวลา 08.55 ปัญหา ทีวี MRT สนามไชยเปิดเรทไม่ได้ค่ะ ขึ้นว่าไม่มีสัญญาณ,"🧡สาขา : สนามไชย
🧡 ผู้แจ้ง : ณัฐสุดา
🧡วันที่ : 20/02/2569
🧡 เวลา : 08.55
🧡 ปัญหา :  ทีวี MRT สนามไชยเปิดเรทไม่ได้ค่ะ ขึ้นว่าไม่มีสัญญาณ",":  ทีวี MRT สนามไชยเปิดเรทไม่ได้ค่ะ ขึ้นว่าไม่มีสัญญาณ

[ผู้แจ้ง] ณัฐสุดา ( nulydear )
[หมวดหมู่] Software
[หมวดหมู่ย่อย] Rate Exchange WEB
[บริษัท] Branch SPR
[สาขา] MRT สนามไชย
[เวลา] 20-02-2026 08:56:35

#category Software
#set Branch SPR=MRT สนามไชย
#set Category Software=Rate Exchange WEB
#set Contact=Line แจ้งปัญหาและแจ้งซ่อม
#set Day=Friday
#set User ที่แจ้ง=ณัฐสุดา ( nulydear )",แจ้งปัญหา : IT,🐈 nulydear 🐈‍⬛🦌,U48fbaffd9b4b01951f7ef78a378076fb,C873a1e27a46168fbff823dc1c9578a67,2026-02-20 08:56:35.000,🐈 nulydear 🐈‍⬛🦌,2026-02-20 09:13:07.050,🆃🅾🅲🅺🆃🅰🅲🅺,ทีวี MRT สนามไชยเปิดเรทไม่ได้ค่ะ ขึ้นว่าไม่มีสัญญาณ,ทำการเลืกช่องสัญญาณ HDMI สามารถเปิดเรทให้ลูกค้าตรวจสอบสกุลเงินเรทได้เรียบร้อยครับ,17
45,601842366735188294,closed,` xea.,2026-02-20 10:22:51.533,INC,PRINTER,Printer,Head office,Branch SPR,[INC-PRINTER] บริหารสาขา เครื่องถ่ายเอกสารโต๊ะกลาง สแกนไฟล์ไม่เข้า,สาขา บริหารสาขา ผู้แจ้ง อาคิรา วันที่ 20/02/2569 เวลา 10.10 ปัญหา เครื่องถ่ายเอกสารตรงโต๊ะกลาง สแกนเอกสารแล้วไฟล์ไม่เข้าเครื่องโน๊ตบุ๊คค่ะ (ลองสแกนเข้าเครื่องอื่นแล้ว ไฟล์ก็ไม่เข้าค่ะ),"🧡สาขา : บริหารสาขา
🧡 ผู้แจ้ง : อาคิรา
🧡วันที่ : 20/02/2569
🧡 เวลา : 10.10
🧡 ปัญหา :  เครื่องถ่ายเอกสารตรงโต๊ะกลาง สแกนเอกสารแล้วไฟล์ไม่เข้าเครื่องโน๊ตบุ๊คค่ะ (ลองสแกนเข้าเครื่องอื่นแล้ว ไฟล์ก็ไม่เข้าค่ะ)",":  เครื่องถ่ายเอกสารตรงโต๊ะกลาง สแกนเอกสารแล้วไฟล์ไม่เข้าเครื่องโน๊ตบุ๊คค่ะ (ลองสแกนเข้าเครื่องอื่นแล้ว ไฟล์ก็ไม่เข้าค่ะ)

[ผู้แจ้ง] อาคิรา (arkira)
[หมวดหมู่] Printer
[หมวดหมู่ย่อย] Printer
[บริษัท] Branch SPR
[สาขา] Head office
[เวลา] 20-02-2026 10:15:08

#category Printer
#set Branch SPR=Head office

#set Contact=Line แจ้งปัญหาและแจ้งซ่อม
#set Day=Friday
#set User ที่แจ้ง=อาคิรา (arkira)",แจ้งปัญหา : IT,𝙖𝙧𝙠𝙞𝙧𝙖🧶,U3a805c116578ec5eed78c6c1a8a739f8,C873a1e27a46168fbff823dc1c9578a67,2026-02-20 10:15:08.000,𝙖𝙧𝙠𝙞𝙧𝙖🧶,2026-03-01 13:14:14.700,` xea.,แสกนเอกสารแล้วไฟล์ไม่เข้า,ตรวจสอบและแก้ไขเรียบร้อย,13138
46,601864622131642659,closed,` xea.,2026-02-20 13:59:24.837,INC,HW,PC (Client),เซ็นทรัลลาดพร้าว,Branch SPR,[INC-HW] ลาดพร้าว ไฟฟ้าตก 5 รอบ กระทบคอมพิวเตอร์,สาขา ลาดพร้าว ผู้แจ้ง ภาณุวัฒน์ เวลา 13.53 ปัญหา วันนี้ทางห้าง ไฟฟ้าตกตั่งแต่เปิดร้าน จนถึงปัจจุบัน 5 รอบครับ ขออนุญาตแจ้งไว้ก่อนเพื่อเกิดปัญหาที่ตัวเครื่องคอมฯสาขา ตอนนี้ยังเหตุการปกติครับ,"สาขา: ลาดพร้าว
ผู้แจ้ง : ภาณุวัฒน์
เวลา : 13.53 
ปัญหา : วันนี้ทางห้าง ไฟฟ้าตกตั่งแต่เปิดร้าน จนถึงปัจจุบัน 5 รอบครับ ขออนุญาตแจ้งไว้ก่อนเพื่อเกิดปัญหาที่ตัวเครื่องคอมฯสาขา ตอนนี้ยังเหตุการปกติครับ",": วันนี้ทางห้าง ไฟฟ้าตกตั่งแต่เปิดร้าน จนถึงปัจจุบัน 5 รอบครับ ขออนุญาตแจ้งไว้ก่อนเพื่อเกิดปัญหาที่ตัวเครื่องคอมฯสาขา ตอนนี้ยังเหตุการปกติครับ

[ผู้แจ้ง] ภาณุวัฒน์ (FiRsTPaRNuWaT )
[หมวดหมู่] Hardware
[หมวดหมู่ย่อย] PC (Client)
[บริษัท] Branch SPR
[สาขา] เซ็นทรัลลาดพร้าว
[เวลา] 20-02-2026 13:56:14

#category Hardware
#set Branch SPR=เซ็นทรัลลาดพร้าว
#set Category Hardware=PC (Client)
#set Contact=Line แจ้งปัญหาและแจ้งซ่อม
#set Day=Friday
#set User ที่แจ้ง=ภาณุวัฒน์ (FiRsTPaRNuWaT )",แจ้งปัญหา : IT,✳️FiRsT💟PaRNuWaT ✳️,U6685cee097d759262f1b691a64818b2b,C873a1e27a46168fbff823dc1c9578a67,2026-02-20 13:56:14.000,✳️FiRsT💟PaRNuWaT ✳️,2026-03-01 13:12:53.957,` xea.,แจ้งเรื่องไฟฟ้าตก,รับทราบ ตรวจสอบไม่พบปัญหาเกี่ยวกับอุปกรณ์,12915
47,601865214484807921,closed,GooD,2026-02-20 14:08:28.467,INC,HW,Server Branch,ICS,Branch SPR,[INC-HW] สาขาไอซีเอส เครื่องสำรองไฟและ Server ดับเอง,สาขา สาขาไอซีเอส ผู้แจ้ง อารยา วันที่ 20/02/2569 เวลา 14.01 น. ปัญหา เครื่องสำรองไฟและเครื่องServer ดับเอง แต่สามารถเปิดมาใช้งานได้ รบกวนตรวจสอบให้นะคะ,"🧡สาขา : สาขาไอซีเอส
🧡 ผู้แจ้ง : อารยา
🧡วันที่ : 20/02/2569
🧡 เวลา : 14.01 น.
🧡 ปัญหา :  เครื่องสำรองไฟและเครื่องServer ดับเอง แต่สามารถเปิดมาใช้งานได้ รบกวนตรวจสอบให้นะคะ ",":  เครื่องสำรองไฟและเครื่องServer ดับเอง แต่สามารถเปิดมาใช้งานได้ รบกวนตรวจสอบให้นะคะ

[ผู้แจ้ง] อารยา (AYA())
[หมวดหมู่] Hardware
[หมวดหมู่ย่อย] Server Branch
[บริษัท] Branch SPR
[สาขา] ICS
[เวลา] 20-02-2026 14:02:07

#category Hardware
#set Branch SPR=ICS
#set Category Hardware=Server Branch
#set Contact=Line แจ้งปัญหาและแจ้งซ่อม
#set Day=Friday
#set User ที่แจ้ง=อารยา (AYA())",แจ้งปัญหา : IT,"AYA""🌸(₭)",Uc455fe1c14ea8a60907dbd944b563ba3,C873a1e27a46168fbff823dc1c9578a67,2026-02-20 14:02:07.000,"AYA""🌸(₭)",2026-02-20 15:53:43.417,GooD,เครื่องสำรองไฟดับเอง,เครื่องไม่สำรองไฟแล้วครับ ทำการให้แจ้งเปลี่ยนเครื่องสำรองไฟใหม่ครับ,111
48,601978890054795795,closed,Tonphai,2026-02-21 09:09:58.413,INC,POS,SPR Exchange POS,ราชดำริห์,Branch SPR,[INC-POS] โต๊ะกลาง เข้า POS ไม่ได้ ขึ้น Error,สาขา โต๊ะกลาง ผู้แจ้ง นฤมล เวลา 8.47 วันที่ 21/02/2569 ปัญหา เข้า pos ไม่ได้ค่ะ ขึ้นแบบนี้ แต่ถ้าใส่รหัสเข้าเครื่องของคนอื่นเข้าได้ปกติค่ะ,"สาขา: โต๊ะกลาง
ผู้แจ้ง : นฤมล 
เวลา : 8.47
วันที่ 21/02/2569
ปัญหา : เข้า pos ไม่ได้ค่ะ ขึ้นแบบนี้ แต่ถ้าใส่รหัสเข้าเครื่องของคนอื่นเข้าได้ปกติค่ะ ",": เข้า pos ไม่ได้ค่ะ ขึ้นแบบนี้ แต่ถ้าใส่รหัสเข้าเครื่องของคนอื่นเข้าได้ปกติค่ะ

[ผู้แจ้ง] นฤมล (MON)
[หมวดหมู่] Software
[หมวดหมู่ย่อย] SPR Exchange POS
[บริษัท] Branch SPR
[สาขา] ราชดำริห์
[เวลา] 21-02-2026 08:51:23

#category Software
#set Branch SPR=ราชดำริห์
#set Category Software=SPR Exchange POS
#set Contact=Line แจ้งปัญหาและแจ้งซ่อม
#set Day=Saturday
#set User ที่แจ้ง=นฤมล (MON)",แจ้งปัญหา : IT,MON☘️,U04cbe28135a7484bbb7b3bb432fe2917,C873a1e27a46168fbff823dc1c9578a67,2026-02-21 08:51:23.000,MON☘️,2026-02-21 09:30:43.570,Tonphai,เข้า pos ไม่ได้ windows แจ้งเตือนว่ารหัสผ่านหมดอายุ,ได้ดำเนินการรีเซ็ตรหัสผ่านครับ,39
49,601984896197722611,closed,Tonphai,2026-02-21 09:51:32.017,INC,RATE,Rate Exchange WEB,SPRT-ชิดลม,Branch Franchise,[INC-RATE] BTS ชิดลม เปิดเรทไม่ได้,สาขา BTS ชิดลม ผู้แจ้ง ตาล ปัญหา เปิดเรทไม่ได้ค่ะ,"สาขา: BTS ชิดลม

ผู้แจ้ง: ตาล

ปัญหา: เปิดเรทไม่ได้ค่ะ
",": เปิดเรทไม่ได้ค่ะ

[ผู้แจ้ง] ตาล (SUNANTHA  )
[หมวดหมู่] Software
[หมวดหมู่ย่อย] Rate Exchange WEB
[บริษัท] Branch Franchise
[สาขา] SPRT-ชิดลม
[เวลา] 21-02-2026 09:51:03

#category Software
#set Branch Franchise=SPRT-ชิดลม
#set Category Software=Rate Exchange WEB
#set Contact=Line แจ้งปัญหาและแจ้งซ่อม
#set Day=Saturday
#set User ที่แจ้ง=ตาล (SUNANTHA  )",[SPRT] แจ้งปัญหาเกี่ยวกับ IT,SUNANTHA  🇹🇭,U63bc366b011c7af7e3541e23d0111a1d,Cd2218e400e6c9430d50d73d034863138,2026-02-21 09:51:03.000,SUNANTHA  🇹🇭,2026-02-21 11:51:51.170,Tonphai,เปิดเรทไม่ได้ ขึ้น 502 bad gateway เกิดจาก kafka ไม่สามารถรันได้,"ปิด Hyper-V แล้วเปิดใหม่, เข้า putty ไปปิด service และรัน kafka ใหม่",120
50,601986823715815837,closed,Tonphai,2026-02-21 10:10:48.490,INC,SW,Windows,SPRT-สนามกีฬา,Branch Franchise,[INC-SW] BTSสนามกีฬา F11 ไม่เต็มจอ,สาขา btsสนามกีฬา ผู้แจ้ง นาแนน ปัญหา f11ไม่เต็มจอค่า,"สาขา: btsสนามกีฬา
ผู้แจ้ง: นาแนน
ปัญหา: f11ไม่เต็มจอค่า ",": f11ไม่เต็มจอค่า

[ผู้แจ้ง] นาแนน (narnxn362)
[หมวดหมู่] Software
[หมวดหมู่ย่อย] Windows
[บริษัท] Branch Franchise
[สาขา] SPRT-สนามกีฬา
[เวลา] 21-02-2026 10:10:11

#category Software
#set Branch Franchise=SPRT-สนามกีฬา
#set Category Software=Windows
#set Contact=Line แจ้งปัญหาและแจ้งซ่อม
#set Day=Saturday
#set User ที่แจ้ง=นาแนน (narnxn362)",[SPRT] แจ้งปัญหาเกี่ยวกับ IT,🍀narnxn362♡,U81b41e3fba0331931d700ab7b54a5fb0,Cd2218e400e6c9430d50d73d034863138,2026-02-21 10:10:11.000,🍀narnxn362♡,2026-02-26 13:34:57.810,Tonphai,เรทไม่เต็มจอทีวี,ดำเนินการลองเลื่อนจอ 1 ครั้งและกด F11 ครับ.,7403
51,601991987759153679,closed,Tonphai,2026-02-21 11:13:20.873,INC,POS,SPR Exchange POS,สีลม,Branch SPR,[INC-POS] สาขาสีลม เข้าระบบ POS ไม่ได้,สาขาสีลม ผู้แจ้งนันนภัสกร เวลา1100 วันที่21/2/69 ปัญหา เข้าระบบ POS ไม่ได้ค่ะ,"สาขา:สีลม
ผู้แจ้ง:นันนภัสกร
เวลา:11:00
วันที่:21/2/69
ปัญหา: เข้าระบบ POS ไม่ได้ค่ะ",": เข้าระบบ POS ไม่ได้ค่ะ

[ผู้แจ้ง] นันนภัสกร (Kitti)
[หมวดหมู่] Software
[หมวดหมู่ย่อย] SPR Exchange POS
[บริษัท] Branch SPR
[สาขา] สีลม
[เวลา] 21-02-2026 11:01:30

#category Software
#set Branch SPR=สีลม
#set Category Software=SPR Exchange POS
#set Contact=Line แจ้งปัญหาและแจ้งซ่อม
#set Day=Saturday
#set User ที่แจ้ง=นันนภัสกร (Kitti)",แจ้งปัญหา : IT,Kitti🩶,U57991faf6952b1c0bb95e11ec4380642,C873a1e27a46168fbff823dc1c9578a67,2026-02-21 11:01:30.000,Kitti🩶,2026-02-21 11:52:37.483,Tonphai,เข้า pos ไม่ได้ windows แจ้งเตือนว่ารหัสผ่านหมดอายุ,ได้ดำเนินการรีเซ็ตรหัสผ่านใหม่ครับ,51
52,602120971952325069,closed,🆃🅾🅲🅺🆃🅰🅲🅺,2026-02-22 08:24:45.597,INC,NETWORK,Internet PPontime,ราชดำริห์,Branch SPR,[INC-NETWORK] โต๊ะกลาง Internet ไม่เชื่อมต่อ,สาขา โต๊ะกลาง ผู้แจ้ง ณัฏฐณิชา เวลา 8.21 วันที่ 22/2/69 ปัญหา Internet ไม่เชื่อมต่อ restart แล้วยังเป็นเหมือนเดิมค่ะ,"สาขา: โต๊ะกลาง
ผู้แจ้ง: ณัฏฐณิชา
เวลา: 8.21 
วันที่: 22/2/69
ปัญหา: Internet ไม่เชื่อมต่อ restart แล้วยังเป็นเหมือนเดิมค่ะ",": Internet ไม่เชื่อมต่อ restart แล้วยังเป็นเหมือนเดิมค่ะ

[ผู้แจ้ง] ณัฏฐณิชา (nuttynw)
[หมวดหมู่] Network
[หมวดหมู่ย่อย] Internet PPontime
[บริษัท] Branch SPR
[สาขา] ราชดำริห์
[เวลา] 22-02-2026 08:22:50

#category Network
#set Branch SPR=ราชดำริห์
#set Category Network=Internet PPontime
#set Contact=Line แจ้งปัญหาและแจ้งซ่อม
#set Day=Sunday
#set User ที่แจ้ง=ณัฏฐณิชา (nuttynw)",แจ้งปัญหา : IT,nuttynw,Ueebaeb23a5eba32feb8639ee2689213b,C873a1e27a46168fbff823dc1c9578a67,2026-02-22 08:22:50.000,nuttynw,2026-02-23 08:43:38.700,🆃🅾🅲🅺🆃🅰🅲🅺,Internet ไม่เชื่อมต่อ restart,1.Rejoin Domain 2.Log in computer Complete,1461
53,602132873826533951,closed,🆃🅾🅲🅺🆃🅰🅲🅺,2026-02-22 10:24:37.657,INC,RATE,Rate Exchange WEB,ซีคอนบางแค,Branch SPR,[INC-RATE] ซีคอนบางแค ดึงเรทไม่ได้ เรทไม่ขึ้น,สาขา ซีคอนบางแค ผู้แจ้ง วรรณพิมล เวลา 10.20 วันที่ 22/2/69 ปัญหา ดึงเรทไม่ได้ค่ะเรทไม่ขึ้นค่ะ,"สาขา: ซีคอนบางแค
ผู้แจ้ง: วรรณพิมล
เวลา: 10.20
วันที่: 22/2/69
ปัญหา: ดึงเรทไม่ได้ค่ะเรทไม่ขึ้นค่ะ ",": ดึงเรทไม่ได้ค่ะเรทไม่ขึ้นค่ะ

[ผู้แจ้ง] วรรณพิมล (Nooaoa)
[หมวดหมู่] Software
[หมวดหมู่ย่อย] Rate Exchange WEB
[บริษัท] Branch SPR
[สาขา] ซีคอนบางแค
[เวลา] 22-02-2026 10:21:04

#category Software
#set Branch SPR=ซีคอนบางแค
#set Category Software=Rate Exchange WEB
#set Contact=Line แจ้งปัญหาและแจ้งซ่อม
#set Day=Sunday
#set User ที่แจ้ง=วรรณพิมล (Nooaoa)",แจ้งปัญหา : IT,Nooaoa🎁🎁🎁,Ufc64fd83ef9809034abcaf0312e4033d,C873a1e27a46168fbff823dc1c9578a67,2026-02-22 10:21:04.000,Nooaoa🎁🎁🎁,2026-02-22 10:25:11.937,🆃🅾🅲🅺🆃🅰🅲🅺,ดึงเรทไม่ได้,ทำการแบ่งหน้าจอเรทเพื่อให้สามารถดึงกลับมาและแสดงเรทให้ลูกค้าเพื่อตรวจสอบสกุลเงินเรทเรียบร้อยครับ,4
54,602140654411972768,closed,🆃🅾🅲🅺🆃🅰🅲🅺,2026-02-22 11:39:18.530,INC,HW,ThaiID Reader,ดุสิต เซ็นทรัล พาร์ค,Branch SPR,[INC-HW] เซ็นทรัลดุสิต เครื่องสแกนบัตร ไฟไม่กระพริบ,สาขา เซ็นทรัลดุสิต ผู้แจ้ง ประวิทย์ วันที่ 22/02/2569 เวลา 11.38 ปัญหา เครื่องสแกนบัตรประชาชนใช้งานไม่ได้ครับ ไฟไม่กระพริบดึงข้อมูลไม่ได้,"🧡สาขา : เซ็นทรัลดุสิต
🧡 ผู้แจ้ง : ประวิทย์
🧡วันที่ : 22/02/2569
🧡 เวลา : 11.38
🧡 ปัญหา :  เครื่องสแกนบัตรประชาชนใช้งานไม่ได้ครับ ไฟไม่กระพริบดึงข้อมูลไม่ได้",":  เครื่องสแกนบัตรประชาชนใช้งานไม่ได้ครับ ไฟไม่กระพริบดึงข้อมูลไม่ได้

[ผู้แจ้ง] ประวิทย์ (โอ เลี้ยง)
[หมวดหมู่] Hardware
[หมวดหมู่ย่อย] ThaiID Reader
[บริษัท] Branch SPR
[สาขา] ดุสิต เซ็นทรัล พาร์ค
[เวลา] 22-02-2026 11:38:22

#category Hardware
#set Branch SPR=ดุสิต เซ็นทรัล พาร์ค
#set Category Hardware=ThaiID Reader
#set Contact=Line แจ้งปัญหาและแจ้งซ่อม
#set Day=Sunday
#set User ที่แจ้ง=ประวิทย์ (โอ เลี้ยง)",แจ้งปัญหา : IT,โอ เลี้ยง,U4812ec6854e2236c9229a266372b6ae6,C873a1e27a46168fbff823dc1c9578a67,2026-02-22 11:38:22.000,โอ เลี้ยง,2026-02-22 12:06:31.480,🆃🅾🅲🅺🆃🅰🅲🅺,ครื่องสแกนบัตรประชาชนใช้งานไม่ได้ครับ ไฟไม่กระพริบดึงข้อมูลไม่ได้,"1.ทำการ Update License 2.ถอดสาย USB ออกและเสียบใหม่ครับ สามารถสแกนบัตรประชาชนได้ 3.Uninstall driver , Install driver สามารถสแกนบัตรประชาชนได้ สรุปอาการ เวลาถอกสาย USB ออกเสียบใหม่จะสามารถสแกนบัตรประชาชนได้ แต่ถ้านำบัตรประชาชนออกและเสียบบัตรใหม่เครื่องไม่ไทำการอ่านบัตรและไม่มีไฟแสดงสถาน่ะการเชื่อมต่อได้ สามารถแจ้งเพื่อขอเปลี่ยนเครื่องใหม่ครับ",28
55,602270725801509266,closed,🆃🅾🅲🅺🆃🅰🅲🅺,2026-02-23 09:12:30.903,INC,HW,TV,SPRT-สยาม,Branch Franchise,[INC-HW] สาขา BTS สยาม จอเรทเปิดไม่ได้,สาขา bts สยาม ผู้แจ้ง นิ้วก้อย ปัญหา จอเรทเปิดไม่ได้ค่ะ,"สาขา: bts สยาม
ผู้แจ้ง: นิ้วก้อย
ปัญหา: จอเรทเปิดไม่ได้ค่ะ",": จอเรทเปิดไม่ได้ค่ะ

[ผู้แจ้ง] นิ้วก้อย (N I W G O Y)
[หมวดหมู่] Hardware
[หมวดหมู่ย่อย] TV
[บริษัท] Branch Franchise
[สาขา] SPRT-สยาม
[เวลา] 23-02-2026 09:10:30

#category Hardware
#set Branch Franchise=SPRT-สยาม
#set Category Hardware=TV
#set Contact=Line แจ้งปัญหาและแจ้งซ่อม
#set Day=Monday
#set User ที่แจ้ง=นิ้วก้อย (N I W G O Y)",[SPRT] แจ้งปัญหาเกี่ยวกับ IT,💸Ⓝ Ⓘ Ⓦ Ⓖ Ⓞ Ⓨ💰,U654be6910b22baabc8a2962a88d9b2ff,Cd2218e400e6c9430d50d73d034863138,2026-02-23 09:10:30.000,💸Ⓝ Ⓘ Ⓦ Ⓖ Ⓞ Ⓨ💰,2026-02-23 11:11:10.550,GooD,rate ที่แสดงบนหน้าจอแสดงไม่ครบ,แก้ไขที่ putty ของเรทครับ,121
56,602276751892546119,closed,GooD,2026-02-23 10:11:08.747,INC,HW,TV,SPRT-พร้อมพงษ์,Branch Franchise,[INC-HW] BTS พร้อมพงษ์ จอเรทค้าง เรตไม่เต็มจอ,สาขา BTS พร้อมพงษ์ ผู้แจ้ง ใหม่ ปัญหา จอเรตค้าง และเรตไม่เต็มจอค่ะ,"สาขา: BTS พร้อมพงษ์

ผู้แจ้ง: ใหม่

ปัญหา: จอเรตค้าง และเรตไม่เต็มจอค่ะ
",": จอเรตค้าง และเรตไม่เต็มจอค่ะ

[ผู้แจ้ง] ใหม่ ( Maii  )
[หมวดหมู่] Hardware
[หมวดหมู่ย่อย] TV
[บริษัท] Branch Franchise
[สาขา] SPRT-พร้อมพงษ์
[เวลา] 23-02-2026 10:10:22

#category Hardware
#set Branch Franchise=SPRT-พร้อมพงษ์
#set Category Hardware=TV
#set Contact=Line แจ้งปัญหาและแจ้งซ่อม
#set Day=Monday
#set User ที่แจ้ง=ใหม่ ( Maii  )",[SPRT] แจ้งปัญหาเกี่ยวกับ IT,♾️ Maii  ♾️,U0d7faa14e05507233ceeb8f271879c96,Cd2218e400e6c9430d50d73d034863138,2026-02-23 10:10:22.000,♾️ Maii  ♾️,2026-03-01 13:16:03.840,GooD,จอเรตค้าง และเรตไม่เต็มจอ,ทำการ sync rate จากบน cloudใหม่,8825
57,602279223562338597,closed,GooD,2026-02-23 10:35:33.110,INC,RATE,Rate Exchange WEB,Around Community Mall,Branch SPR,[INC-RATE] ปตท.เพชรบุรี ดึงเรทไม่ได้,สาขา ปตท.เพชรบุรี ผู้แจ้ง ทัศกร เวลา 10.35 วันที่ 23/2/69 ปัญหา ดึงเรทไม่ได้ค่ะเรทไม่ขึ้นครับ,"สาขา: ปตท.เพชรบุรี
ผู้แจ้ง: ทัศกร
เวลา: 10.35
วันที่: 23/2/69
ปัญหา: ดึงเรทไม่ได้ค่ะเรทไม่ขึ้นครับ",": ดึงเรทไม่ได้ค่ะเรทไม่ขึ้นครับ

[ผู้แจ้ง] ทัศกร (Ttt)
[หมวดหมู่] Software
[หมวดหมู่ย่อย] Rate Exchange WEB
[บริษัท] Branch SPR
[สาขา] Around Community Mall
[เวลา] 23-02-2026 10:34:55

#category Software
#set Branch SPR=Around Community Mall
#set Category Software=Rate Exchange WEB
#set Contact=Line แจ้งปัญหาและแจ้งซ่อม
#set Day=Monday
#set User ที่แจ้ง=ทัศกร (Ttt)",แจ้งปัญหา : IT,Ttt,Ufdbb0fdd78305c0c252e3bc050210210,C873a1e27a46168fbff823dc1c9578a67,2026-02-23 10:34:55.000,Ttt,2026-02-23 10:53:35.150,GooD,เรทไม่ขึ้นครับ,ทำการปิดเปิดเรทใหม่,19
58,602280756647297232,closed,GooD,2026-02-23 10:53:27.393,INC,HW,UPS,เซ็นทรัลเวิลด์,Branch SPR,[INC-HW] เซ็นทรัลเวิลด์ เครื่องสำรองไฟดัง,สาขา เซ็นทรัลเวิลด์ ผู้แจ้ง นพวรรณ วันที่ 23/2/69 เวลา 10.43 ปัญหา เครื่องสำรองไฟดัง เบื้องต้นมีการปิด- เปิด และชาจไฟทึ้งไว้แล้ว แต่เมื่อเปิดใช้ได้สักพักก็ดังเหมือนเดิมค่ะ,"สาขา เซ็นทรัลเวิลด์
ผู้แจ้ง  นพวรรณ
วันที่  23/2/69
เวลา 10.43
ปัญหา   เครื่องสำรองไฟดัง เบื้องต้นมีการปิด- เปิด และชาจไฟทึ้งไว้แล้ว แต่เมื่อเปิดใช้ได้สักพักก็ดังเหมือนเดิมค่ะ  ","เครื่องสำรองไฟดัง เบื้องต้นมีการปิด- เปิด และชาจไฟทึ้งไว้แล้ว แต่เมื่อเปิดใช้ได้สักพักก็ดังเหมือนเดิมค่ะ

[ผู้แจ้ง] นพวรรณ (BB7896)
[หมวดหมู่] Hardware
[หมวดหมู่ย่อย] UPS
[บริษัท] Branch SPR
[สาขา] เซ็นทรัลเวิลด์
[เวลา] 23-02-2026 10:50:09

#category Hardware
#set Branch SPR=เซ็นทรัลเวิลด์
#set Category Hardware=UPS
#set Contact=Line แจ้งปัญหาและแจ้งซ่อม
#set Day=Monday
#set User ที่แจ้ง=นพวรรณ (BB7896)",แจ้งปัญหา : IT,BB⁷⁸⁹⁶🍀🌟🎆🔸,Uf592c8ce1ae107f1b72599e32f81f2a0,C873a1e27a46168fbff823dc1c9578a67,2026-02-23 10:50:09.000,BB⁷⁸⁹⁶🍀🌟🎆🔸,2026-02-23 10:59:38.940,GooD,เครื่องสำรองไฟดัง,ทำการตรวจสอบเครื่องสำรองไฟน่าจะไม่เก็บไฟแล้วทำการแจ้งเปลี่ยนเครื่องสำรองไฟได้เลยครับ,9
59,602282562614460624,closed,GooD,2026-02-23 11:11:01.863,INC,HW,TV,เซ็นทรัลลาดพร้าว,Branch SPR,[INC-HW] สาขา CT ลาดพร้าว จอคิวไม่มีสัญญาณ,(hello kitty)สาขา CT ลาดพร้าว (kuromi)ผู้แจ้ง ศศินา (pochacco)วันที่ 23/02/2569 (hey)เวลา 1108 (!)ปัญหา จอคิวไม่มีสัญญาณค่ะ,"(hello kitty)สาขา : CT ลาดพร้าว
(kuromi)ผู้แจ้ง : ศศินา
(pochacco)วันที่ : 23/02/2569
(hey)เวลา : 11:08
(!)ปัญหา : จอคิวไม่มีสัญญาณค่ะ",": จอคิวไม่มีสัญญาณค่ะ

[ผู้แจ้ง] ศศินา (BabyBoo 365)
[หมวดหมู่] Hardware
[หมวดหมู่ย่อย] TV
[บริษัท] Branch SPR
[สาขา] เซ็นทรัลลาดพร้าว
[เวลา] 23-02-2026 11:08:06

#category Hardware
#set Branch SPR=เซ็นทรัลลาดพร้าว
#set Category Hardware=TV
#set Contact=Line แจ้งปัญหาและแจ้งซ่อม
#set Day=Monday
#set User ที่แจ้ง=ศศินา (BabyBoo 365)",แจ้งปัญหา : IT,BabyBoo 365♾,Uf641914ebad508cc37960a1123cff7eb,C873a1e27a46168fbff823dc1c9578a67,2026-02-23 11:08:06.000,BabyBoo 365♾,2026-02-23 11:15:20.383,GooD,จอคิวไม่มีสัญญาณ,ทำการให้เลือกไปที่ HDMI ครับ,7
60,602302130904367649,closed,GooD,2026-02-23 14:23:20.563,INC,PRINTER,Printer,MRT สุขุมวิท,Branch SPR,[INC-PRINTER] Mrt สุขุมวิท ใบเสร็จโอนข้ามสาขา ปริ้นไม่ออก,สาขา Mrt สุขุมวิท ผู้แจ้ง เกวลิน วันที่ 23/2/69 เวลา 14.22 ปัญหา ใบเสร็จโอนข้ามสาขา ปริ้นไม่ออกค่ะ,"สาขา : Mrt สุขุมวิท
ผู้แจ้ง : เกวลิน
วันที่  : 23/2/69
เวลา  : 14.22
ปัญหา : ใบเสร็จโอนข้ามสาขา ปริ้นไม่ออกค่ะ",": ใบเสร็จโอนข้ามสาขา ปริ้นไม่ออกค่ะ

[ผู้แจ้ง] เกวลิน (Pangpond)
[หมวดหมู่] Printer
[หมวดหมู่ย่อย] Printer
[บริษัท] Branch SPR
[สาขา] MRT สุขุมวิท
[เวลา] 23-02-2026 14:22:29

#category Printer
#set Branch SPR=MRT สุขุมวิท

#set Contact=Line แจ้งปัญหาและแจ้งซ่อม
#set Day=Monday
#set User ที่แจ้ง=เกวลิน (Pangpond)",แจ้งปัญหา : IT,𝔓𝔞𝔫𝔤𝔭𝔬𝔫𝔡🌙,U16f1bf5ca924499abaa08c8440facf1b,C873a1e27a46168fbff823dc1c9578a67,2026-02-23 14:22:29.000,𝔓𝔞𝔫𝔤𝔭𝔬𝔫𝔡🌙,2026-02-23 14:31:30.657,GooD,ใบเสร็จโอนข้ามสาขาปริ้นไม่ออก,ทำการปิดเปิดโปรแกรมใหม่ครับ,8
61,602302420479115666,closed,GooD,2026-02-23 14:31:27.800,INC,HW,UPS,IconSiam,Branch SPR,[INC-HW] ไอคอนสยาม เคาน์เตอร์ 3 เครื่องสำรองไฟดัง,สาขา ไอคอนสยาม ผู้แจ้ง ณรงค์ชัย วันที่ 23/2/2569 เวลา 1420 ปัญหา เครื่องสำรองไฟเคาท์เตอร์ 3 ดัง เบื้องต้นลองถอดสายไฟออกหมด แล้วรอ 5 นาที เสียบสายไฟของเครื่องสำรองไฟใหม่ดังเหมือนเดิมครับ,"สาขา ไอคอนสยาม
ผู้แจ้ง ณรงค์ชัย
วันที่ 23/2/2569
เวลา 14:20
ปัญหา เครื่องสำรองไฟเคาท์เตอร์ 3 ดัง เบื้องต้นลองถอดสายไฟออกหมด แล้วรอ 5 นาที เสียบสายไฟของเครื่องสำรองไฟใหม่ดังเหมือนเดิมครับ
","เครื่องสำรองไฟเคาท์เตอร์ 3 ดัง เบื้องต้นลองถอดสายไฟออกหมด แล้วรอ 5 นาที เสียบสายไฟของเครื่องสำรองไฟใหม่ดังเหมือนเดิมครับ

[ผู้แจ้ง] ณรงค์ชัย (Yean)
[หมวดหมู่] Hardware
[หมวดหมู่ย่อย] UPS
[บริษัท] Branch SPR
[สาขา] IconSiam
[เวลา] 23-02-2026 14:25:22

#category Hardware
#set Branch SPR=IconSiam
#set Category Hardware=UPS
#set Contact=Line แจ้งปัญหาและแจ้งซ่อม
#set Day=Monday
#set User ที่แจ้ง=ณรงค์ชัย (Yean)",แจ้งปัญหา : IT,Yean,U17744d0cf87f184e9cb37615ba584855,C873a1e27a46168fbff823dc1c9578a67,2026-02-23 14:25:22.000,Yean,2026-02-23 14:34:48.673,GooD,เครื่องสำรองไฟดัง,ทำการตรวจสอบเครื่องสำรองไฟน่าจะไม่เก็บไฟแล้วทำการแจ้งเปลี่ยนเครื่องสำรองไฟได้เลยครับ,8
62,602315032969084937,closed,GooD,2026-02-23 16:35:06.397,INC,HW,UPS,อีสต์วิลล์ ชั้น 3,Branch SPR,[INC-HW] อีสต์วิลล์ เครื่องสำรองไฟ กดปุ่มเปิดไม่ติด,สาขา อีสต์วิลล์ ผู้แจ้ง ภูมิศักดิ์ วันที่ 23/2/2569 เวลา 1630 ปัญหา เครื่องสำรองไฟกดปุ่มเปิดเครื่องไม่ติดครับ เบื้องต้นทำการชาตทิ้งไว้ซักพักใหญ่แล้วครับ,"สาขา อีสต์วิลล์
ผู้แจ้ง ภูมิศักดิ์
วันที่ 23/2/2569
เวลา 16:30
ปัญหา เครื่องสำรองไฟกดปุ่มเปิดเครื่องไม่ติดครับ เบื้องต้นทำการชาตทิ้งไว้ซักพักใหญ่แล้วครับ 
","เครื่องสำรองไฟกดปุ่มเปิดเครื่องไม่ติดครับ เบื้องต้นทำการชาตทิ้งไว้ซักพักใหญ่แล้วครับ

[ผู้แจ้ง] ภูมิศักดิ์ ()
[หมวดหมู่] Hardware
[หมวดหมู่ย่อย] UPS
[บริษัท] Branch SPR
[สาขา] อีสต์วิลล์ ชั้น 3
[เวลา] 23-02-2026 16:30:39

#category Hardware
#set Branch SPR=อีสต์วิลล์ ชั้น 3
#set Category Hardware=UPS
#set Contact=Line แจ้งปัญหาและแจ้งซ่อม
#set Day=Monday
#set User ที่แจ้ง=ภูมิศักดิ์ ()",แจ้งปัญหา : IT,⚽,Uc358f53ed44ca681a200249a8659229e,C873a1e27a46168fbff823dc1c9578a67,2026-02-23 16:30:39.000,⚽,2026-02-23 16:41:59.510,GooD,เครื่องสำรองไฟดัง,ทำการตรวจสอบเครื่องสำรองไฟเสียทำการแจ้งเปลี่ยนเครื่องสำรองไฟได้เลยครับ,10
63,602418109634576830,closed,🆃🅾🅲🅺🆃🅰🅲🅺,2026-02-24 09:46:18.960,INC,PASSWORD,Login,ราชดำริห์,Branch SPR,[INC-PASSWORD] บ้านสวย เข้าใช้งานไม่ได้,สาขา บ้านสวย ผู้แจ้ง มยุรี เวลา 09.35 วันที่ 24/2/69 ปัญหา เข้าใช้งานไม่ได้ค่ะ,"สาขา: บ้านสวย
ผู้แจ้ง: มยุรี
เวลา: 09.35
วันที่: 24/2/69
ปัญหา: เข้าใช้งานไม่ได้ค่ะ",": เข้าใช้งานไม่ได้ค่ะ

[ผู้แจ้ง] มยุรี (Yuree95)
[หมวดหมู่] Password Reset
[หมวดหมู่ย่อย] Login
[บริษัท] Branch SPR
[สาขา] ราชดำริห์
[เวลา] 24-02-2026 09:34:38

#category Password Reset
#set Branch SPR=ราชดำริห์
=Login
#set Contact=Line แจ้งปัญหาและแจ้งซ่อม
#set Day=Tuesday
#set User ที่แจ้ง=มยุรี (Yuree95)",แจ้งปัญหา : IT,Yuree95,U70e1f5cd8693cd128613929790a82c24,C873a1e27a46168fbff823dc1c9578a67,2026-02-24 09:34:38.000,Yuree95,2026-02-24 09:46:51.647,🆃🅾🅲🅺🆃🅰🅲🅺,เข้าใช้งานไม่ได้ค่ะ,ทำการเข้าไป Save ข้อมูลใหม่ สามารถเข้าระบบ POS ได้เรียบร้อยครับ,11
65,602434145783644316,closed,🆃🅾🅲🅺🆃🅰🅲🅺,2026-02-24 12:18:48.227,INC,HW,ThaiID Reader,ซีคอนสแควร์,Branch SPR,[INC-HW] สาขาซีคอนศรีนครินทร์ เครื่องสแกนบัตรประชาชนไม่อ่านบัตร,สาขา สาขาซีคอนศรีนครินทร์ ผู้แจ้ง นัฐพร วันที่ 24/02/2569 เวลา 12.12 ปัญหา เครื่องสแกนบัตรประชาชนไม่อ่านบัตร รบกวนช่วยเช็คให้หน่อย,"🧡สาขา : สาขาซีคอนศรีนครินทร์
🧡 ผู้แจ้ง : นัฐพร
🧡วันที่ : 24/02/2569
🧡 เวลา : 12.12
🧡 ปัญหา :  เครื่องสแกนบัตรประชาชนไม่อ่านบัตร รบกวนช่วยเช็คให้หน่อย",":  เครื่องสแกนบัตรประชาชนไม่อ่านบัตร รบกวนช่วยเช็คให้หน่อย

[ผู้แจ้ง] นัฐพร (Nui)
[หมวดหมู่] Hardware
[หมวดหมู่ย่อย] ThaiID Reader
[บริษัท] Branch SPR
[สาขา] ซีคอนสแควร์
[เวลา] 24-02-2026 12:13:56

#category Hardware
#set Branch SPR=ซีคอนสแควร์
#set Category Hardware=ThaiID Reader
#set Contact=Line แจ้งปัญหาและแจ้งซ่อม
#set Day=Tuesday
#set User ที่แจ้ง=นัฐพร (Nui)",แจ้งปัญหา : IT,Nui.🧋,Ud408d32ccf6b03a7e42d7a0fd81c2fa0,C873a1e27a46168fbff823dc1c9578a67,2026-02-24 12:13:56.000,Nui.🧋,2026-02-24 12:28:39.367,🆃🅾🅲🅺🆃🅰🅲🅺,ครื่องสแกนบัตรประชาชนใช้งานไม่ได้ครับ ไฟไม่กระพริบดึงข้อมูลไม่ได้,"1.ทำการ Update License 2.ถอดสาย USB ออกและเสียบใหม่ครับ สามารถสแกนบัตรประชาชนได้ 3.Uninstall driver , Install driver สามารถสแกนบัตรประชาชนได้ สรุปอาการ เวลาถอกสาย USB ออกเสียบใหม่จะสามารถสแกนบัตรประชาชนได้ แต่ถ้านำบัตรประชาชนออกและเสียบบัตรใหม่เครื่องไม่ไทำการอ่านบัตรและไม่มีไฟแสดงสถาน่ะการเชื่อมต่อได้ สามารถแจ้งเพื่อขอเปลี่ยนเครื่องใหม่ครับ",14
66,602447586699247925,closed,Tonphai,2026-02-24 14:28:55.417,INC,HW,Server Branch,The Mall บางแค,Branch SPR,[INC-HW] สาขาเดอะมอลล์บางแค เครื่องเซิร์ฟเวอร์ดับ UPS กระพริบ,สาขา สาขาเดอะมอลล์บางแค ผู้แจ้ง หนึ่ง วันที่ 24/02/2569 เวลา 14.26 ปัญหา ไฟตก ทำให้เครื่องเซิร์ฟเวอร์ดับเครื่องสำรองไฟมีปัญหากระพริบ,"🧡สาขา : สาขาเดอะมอลล์บางแค
🧡 ผู้แจ้ง : หนึ่ง
🧡วันที่ : 24/02/2569
🧡 เวลา : 14.26
🧡 ปัญหา :  ไฟตก ทำให้เครื่องเซิร์ฟเวอร์ดับเครื่องสำรองไฟมีปัญหากระพริบ",":  ไฟตก ทำให้เครื่องเซิร์ฟเวอร์ดับเครื่องสำรองไฟมีปัญหากระพริบ

[ผู้แจ้ง] หนึ่ง (Neung459)
[หมวดหมู่] Hardware
[หมวดหมู่ย่อย] Server Branch
[บริษัท] Branch SPR
[สาขา] The Mall บางแค
[เวลา] 24-02-2026 14:27:28

#category Hardware
#set Branch SPR=The Mall บางแค
#set Category Hardware=Server Branch
#set Contact=Line แจ้งปัญหาและแจ้งซ่อม
#set Day=Tuesday
#set User ที่แจ้ง=หนึ่ง (Neung459)",แจ้งปัญหา : IT,Neung❤️🤑4🍸5💍9💰🪙,Uacfd053d8b5466d83a397e2ea753e328,C873a1e27a46168fbff823dc1c9578a67,2026-02-24 14:27:28.000,Neung❤️🤑4🍸5💍9💰🪙,2026-02-24 14:35:40.523,Tonphai,เครื่องสำรองไฟดัง,ทำการตรวจสอบเครื่องสำรองไฟเสียทำการแจ้งเปลี่ยนเครื่องสำรองไฟได้เลยครับ,7
67,602565016708972579,closed,GooD,2026-02-25 09:58:29.917,INC,HW,TV,SPRT-สยาม,Branch Franchise,[INC-HW] สาขา BTS สยาม จอเรทเปิดไม่ได้,สาขา bts สยาม ผู้แจ้ง ลูกเจี๊ยบ ปัญหา จอเรทเปิดไม่ได้ค่ะ,"สาขา: bts สยาม
ผู้แจ้ง: ลูกเจี๊ยบ
ปัญหา: จอเรทเปิดไม่ได้ค่ะ",": จอเรทเปิดไม่ได้ค่ะ

[ผู้แจ้ง] ลูกเจี๊ยบ (minii)
[หมวดหมู่] Hardware
[หมวดหมู่ย่อย] TV
[บริษัท] Branch Franchise
[สาขา] SPRT-สยาม
[เวลา] 25-02-2026 09:54:01

#category Hardware
#set Branch Franchise=SPRT-สยาม
#set Category Hardware=TV
#set Contact=Line แจ้งปัญหาและแจ้งซ่อม
#set Day=Wednesday
#set User ที่แจ้ง=ลูกเจี๊ยบ (minii)",[SPRT] แจ้งปัญหาเกี่ยวกับ IT,minii♡,Ue1e85f7bd660b9d5a5ec4d985288710e,Cd2218e400e6c9430d50d73d034863138,2026-02-25 09:54:01.000,minii♡,2026-02-25 10:03:59.903,GooD,จอเรทเปิดไม่ได้,ทำการลข้อมูลไดร์ D เต็มทำการลบข้อมูลออกครับ,8
68,602568183643111483,closed,Tonphai,2026-02-25 10:28:37.270,INC,HW,Passport Reader,สีลม,Branch SPR,[INC-HW] สาขาสีลมพลาซ่า เคาน์เตอร์2 พาสปอร์ต สแกนไม่ติด,สาขา สาขาสีลมพลาซ่า ผู้แจ้ง ชุติกาญจน์ วันที่ 25/02/2569 เวลา 10.25น. ปัญหา เคาน์เตอร์2 เครื่องสแกนพาสปอร์ตมีไฟแต่สแกนข้อมูลลูกค้าไม่ติด รบกวนช่วยเช็คให้หน่อยค่ะ,"🧡สาขา : สาขาสีลมพลาซ่า
🧡 ผู้แจ้ง : ชุติกาญจน์
🧡วันที่ : 25/02/2569
🧡 เวลา : 10.25น.
🧡 ปัญหา :  เคาน์เตอร์2 เครื่องสแกนพาสปอร์ตมีไฟแต่สแกนข้อมูลลูกค้าไม่ติด รบกวนช่วยเช็คให้หน่อยค่ะ",":  เคาน์เตอร์2 เครื่องสแกนพาสปอร์ตมีไฟแต่สแกนข้อมูลลูกค้าไม่ติด รบกวนช่วยเช็คให้หน่อยค่ะ

[ผู้แจ้ง] ชุติกาญจน์ (Ouum Kumnoo)
[หมวดหมู่] Hardware
[หมวดหมู่ย่อย] Passport Reader
[บริษัท] Branch SPR
[สาขา] สีลม
[เวลา] 25-02-2026 10:25:29

#category Hardware
#set Branch SPR=สีลม
#set Category Hardware=Passport Reader
#set Contact=Line แจ้งปัญหาและแจ้งซ่อม
#set Day=Wednesday
#set User ที่แจ้ง=ชุติกาญจน์ (Ouum Kumnoo)",แจ้งปัญหา : IT,Ouum Kumnoo,U81aba17545a9782cb7e845c367cb7531,C873a1e27a46168fbff823dc1c9578a67,2026-02-25 10:25:29.000,Ouum Kumnoo,2026-02-25 11:22:12.787,Tonphai,เครื่องสแกนพาสปอร์ตมีไฟแต่สแกนข้อมูลลูกค้าไม่ติด,ได้ดำเนินการออกจากระบบ POS ปิดโปรแกรมและเปิดใหม่ครับ,56
69,602571614651154845,closed,GooD,2026-02-25 11:03:47.860,INC,POS,SPR Exchange POS,ราชดำริห์,Branch SPR,[INC-POS] สำนักงานเขตปฏิบัติการสาขา ระบบPOS ช้า,สาขา สำนักงานเขตปฏิบัติการสาขา ผู้แจ้ง มาริษา วันที่ 25/2/69 เวลา 10.58น. ปัญหา ตรวจสอบระบบPOS ช้ามาก ใช้เวลานานในการซื้อ ขาย ออกใบเสร็จ,"สาขา สำนักงานเขตปฏิบัติการสาขา
ผู้แจ้ง มาริษา 
วันที่ 25/2/69 
เวลา 10.58น.
ปัญหา ตรวจสอบระบบPOS ช้ามาก
ใช้เวลานานในการซื้อ ขาย ออกใบเสร็จ","ตรวจสอบระบบPOS ช้ามาก
ใช้เวลานานในการซื้อ ขาย ออกใบเสร็จ

[ผู้แจ้ง] มาริษา (ฝน มาริษา)
[หมวดหมู่] Software
[หมวดหมู่ย่อย] SPR Exchange POS
[บริษัท] Branch SPR
[สาขา] ราชดำริห์
[เวลา] 25-02-2026 10:59:34

#category Software
#set Branch SPR=ราชดำริห์
#set Category Software=SPR Exchange POS
#set Contact=Line แจ้งปัญหาและแจ้งซ่อม
#set Day=Wednesday
#set User ที่แจ้ง=มาริษา (ฝน มาริษา)",แจ้งปัญหา : IT,ฝน -มาริษา,U1fdc6522f77238ea66a7f8f68698c928,C873a1e27a46168fbff823dc1c9578a67,2026-02-25 10:59:34.000,ฝน -มาริษา,2026-02-25 16:07:22.590,GooD,ตรวจระบบPOS ช้ามาก,เครื่องใช้งานได้ปกติ,307
70,602575151137292447,closed,GooD,2026-02-25 11:39:24.017,SR,HW,Server Branch,เซ็นทรัลเวิลด์,Branch SPR,[SR-HW] สาขาเซ็นทรัลเวิลด์ Server อัพเดตอัตโนมัติ เลื่อนเวลา,สาขา สาขาเซ็นทรัลเวิลด์ ผู้แจ้ง ไอสิกามิรา วันที่ 25/02/2569 เวลา 11.32 ปัญหา เครื่องเซิฟเว่อร์อัพเดตอัตโนมัติ รบกวนช่วยดูเลื่อนเวลาให้หน่อยได้ไหมคะ ระบบ POS ไม่สามารถใช้งานได้ค่ะ,"🧡สาขา : สาขาเซ็นทรัลเวิลด์
🧡 ผู้แจ้ง : ไอสิกามิรา
🧡วันที่ : 25/02/2569
🧡 เวลา : 11.32
🧡 ปัญหา :  เครื่องเซิฟเว่อร์อัพเดตอัตโนมัติ รบกวนช่วยดูเลื่อนเวลาให้หน่อยได้ไหมคะ ระบบ POS ไม่สามารถใช้งานได้ค่ะ",":  เครื่องเซิฟเว่อร์อัพเดตอัตโนมัติ รบกวนช่วยดูเลื่อนเวลาให้หน่อยได้ไหมคะ ระบบ POS ไม่สามารถใช้งานได้ค่ะ

[ผู้แจ้ง] ไอสิกามิรา (C)
[หมวดหมู่] Hardware
[หมวดหมู่ย่อย] Server Branch
[บริษัท] Branch SPR
[สาขา] เซ็นทรัลเวิลด์
[เวลา] 25-02-2026 11:34:42

#category Hardware
#set Branch SPR=เซ็นทรัลเวิลด์
#set Category Hardware=Server Branch
#set Contact=Line แจ้งปัญหาและแจ้งซ่อม
#set Day=Wednesday
#set User ที่แจ้ง=ไอสิกามิรา (C)",แจ้งปัญหา : IT,🩵C🩷,U58e0ede3d40d0199c0d7ae56a506bd60,C873a1e27a46168fbff823dc1c9578a67,2026-02-25 11:34:42.000,🩵C🩷,2026-02-25 11:39:55.723,GooD,เครื่องเซิฟเว่อร์อัพเดตอัตโนมัติ,ทำการปิดให้ครับ,4
71,602581926348062980,closed,Tonphai,2026-02-25 16:07:47.520,INC,PRINTER,Printer,เซ็นทรัลเวิลด์,Branch SPR,[INC-PRINTER] เซนทรัลเวิล์ด เครื่องปริ้นใบเสร็จ ไม่สามารถพิมพ์ได้,สาขา เซนทรัลเวิล์ด ผู้แจ้ง พลวรรธน์ วันที่ 2502/2569 เวลา 1240 ปัญหา เครื่องปริ้นใบเสร็จไม่สามารถปริ้นใบเสร็จได้ เบื้องต้นทำการรีสตาร์ทเครื่องแล้ว แต่ยังไม่สามารถปริ้นได้,"สาขา : เซนทรัลเวิล์ด
ผู้แจ้ง : พลวรรธน์
วันที่ : 25:02/2569
เวลา : 12:40
ปัญหา : เครื่องปริ้นใบเสร็จไม่สามารถปริ้นใบเสร็จได้
เบื้องต้นทำการรีสตาร์ทเครื่องแล้ว แต่ยังไม่สามารถปริ้นได้",": เครื่องปริ้นใบเสร็จไม่สามารถปริ้นใบเสร็จได้
เบื้องต้นทำการรีสตาร์ทเครื่องแล้ว แต่ยังไม่สามารถปริ้นได้

[ผู้แจ้ง] พลวรรธน์ (Hikaru)
[หมวดหมู่] Printer
[หมวดหมู่ย่อย] Printer
[บริษัท] Branch SPR
[สาขา] เซ็นทรัลเวิลด์
[เวลา] 25-02-2026 12:42:00

#category Printer
#set Branch SPR=เซ็นทรัลเวิลด์

#set Contact=Line แจ้งปัญหาและแจ้งซ่อม
#set Day=Wednesday
#set User ที่แจ้ง=พลวรรธน์ (Hikaru)",แจ้งปัญหา : IT,Hikaru,Ubbc16c329f436a0a1d165b5e3a00bc3d,C873a1e27a46168fbff823dc1c9578a67,2026-02-25 12:42:00.000,Hikaru,2026-02-25 16:08:18.780,Tonphai,เครื่องปริ้นใบเสร็จไม่สามารถปริ้นใบเสร็จได้,"พี่ @Mod_4265🌟🌈 ได้ดำเนินการรีเครื่อง ,และซ่อมด้วยตัวเองสามารถกลับมาใช้งานได้เรียบร้อยครับ",205
72,602582133915254991,closed,Tonphai,2026-02-25 13:10:40.823,INC,HW,ThaiID Reader,ซีคอนสแควร์,Branch SPR,[INC-HW] สาขาซีคอนศรีนครินทร์ เครื่องสแกนบัตรไม่อ่านบัตร,สาขา สาขาซีคอนศรีนครินทร์ ผู้แจ้ง นัฐพร วันที่ 25/02/2569 เวลา 12.43 ปัญหา เครื่องสแกนบัตรประชาชนไม่อ่านบัตร เคาน์เตอร์เดิมค่ะที่เปลี่ยนเครื่องไป เข้าไทยไอดีก็ไม่ได้,"🧡สาขา : สาขาซีคอนศรีนครินทร์
🧡 ผู้แจ้ง : นัฐพร
🧡วันที่ : 25/02/2569
🧡 เวลา : 12.43
🧡 ปัญหา :  เครื่องสแกนบัตรประชาชนไม่อ่านบัตร เคาน์เตอร์เดิมค่ะที่เปลี่ยนเครื่องไป เข้าไทยไอดีก็ไม่ได้",":  เครื่องสแกนบัตรประชาชนไม่อ่านบัตร เคาน์เตอร์เดิมค่ะที่เปลี่ยนเครื่องไป เข้าไทยไอดีก็ไม่ได้

[ผู้แจ้ง] นัฐพร (Nui)
[หมวดหมู่] Hardware
[หมวดหมู่ย่อย] ThaiID Reader
[บริษัท] Branch SPR
[สาขา] ซีคอนสแควร์
[เวลา] 25-02-2026 12:44:04

#category Hardware
#set Branch SPR=ซีคอนสแควร์
#set Category Hardware=ThaiID Reader
#set Contact=Line แจ้งปัญหาและแจ้งซ่อม
#set Day=Wednesday
#set User ที่แจ้ง=นัฐพร (Nui)",แจ้งปัญหา : IT,Nui.🧋,Ud408d32ccf6b03a7e42d7a0fd81c2fa0,C873a1e27a46168fbff823dc1c9578a67,2026-02-25 12:44:04.000,Nui.🧋,2026-02-25 13:59:40.727,Tonphai,เครื่องสแกนบัตรประชาชนไม่อ่านบัตร,"ออกระบบ POS , ปิด POS , อัพเดทแฟ้ม ThaiID , รีสตาทเครื่อง PC ครับ",74
73,602600323453813095,closed,Tonphai,2026-02-25 15:45:00.360,INC,POS,SPR Exchange POS,เซ็นทรัลลาดพร้าว,Branch SPR,[INC-POS] Central Ladprao POS ทุกเครื่องค้าง,สาขา Central Ladprao ผู้แจ้ง ปิยนุช วันที่ 25/02/2569 เวลา 15.40 ปัญหา posค้างทุกเครื่องค่ะ,"🧡สาขา : Central Ladprao 
🧡 ผู้แจ้ง : ปิยนุช
🧡วันที่ : 25/02/2569
🧡 เวลา : 15.40
🧡 ปัญหา :  posค้างทุกเครื่องค่ะ",":  posค้างทุกเครื่องค่ะ

[ผู้แจ้ง] ปิยนุช (KWAN)
[หมวดหมู่] Software
[หมวดหมู่ย่อย] SPR Exchange POS
[บริษัท] Branch SPR
[สาขา] เซ็นทรัลลาดพร้าว
[เวลา] 25-02-2026 15:44:46

#category Software
#set Branch SPR=เซ็นทรัลลาดพร้าว
#set Category Software=SPR Exchange POS
#set Contact=Line แจ้งปัญหาและแจ้งซ่อม
#set Day=Wednesday
#set User ที่แจ้ง=ปิยนุช (KWAN)",แจ้งปัญหา : IT,✨KWAN🎁,U9e3d8f64ce61468799608878421db18b,C873a1e27a46168fbff823dc1c9578a67,2026-02-25 15:44:46.000,✨KWAN🎁,2026-02-25 16:21:40.470,Tonphai,POS ค้างทุกเครื่อง,ตรวจสอบและรอให้เครื่องเซิฟเวอร์กลับมาทำงานปกติ,36
74,602704520434680219,closed,GooD,2026-02-26 09:04:29.803,INC,POS,SPR Exchange POS,ราชดำริห์,Branch SPR,[INC-POS] ราชดำริ POS ค้างทุกเครื่อง เข้าระบบไม่ได้,สาขา โต๊ะกลาง ราชดำริ ผู้แจ้ง รภัสสรณ์ วันที่ 26/02/2569 เวลา 0858 ปัญหา posค้างทุกเครื่องค่ะ เข้าระบบไม่ได้เลยค่ะออกแล้ว เข้าหลายครั้งแล้วค่ะ,"🧡สาขา : โต๊ะกลาง ราชดำริ
🧡 ผู้แจ้ง : รภัสสรณ์
🧡วันที่ : 26/02/2569
🧡 เวลา : 08:58
🧡 ปัญหา :  posค้างทุกเครื่องค่ะ  เข้าระบบไม่ได้เลยค่ะออกแล้ว เข้าหลายครั้งแล้วค่ะ  ",":  posค้างทุกเครื่องค่ะ  เข้าระบบไม่ได้เลยค่ะออกแล้ว เข้าหลายครั้งแล้วค่ะ

[ผู้แจ้ง] รภัสสรณ์ (M )
[หมวดหมู่] Software
[หมวดหมู่ย่อย] SPR Exchange POS
[บริษัท] Branch SPR
[สาขา] ราชดำริห์
[เวลา] 26-02-2026 08:59:52

#category Software
#set Branch SPR=ราชดำริห์
#set Category Software=SPR Exchange POS
#set Contact=Line แจ้งปัญหาและแจ้งซ่อม
#set Day=Thursday
#set User ที่แจ้ง=รภัสสรณ์ (M )",แจ้งปัญหา : IT,M🅜🅞🅞🅚 💸⚡️,U7dc2adf5601ccb8688ba35492852ebd8,C873a1e27a46168fbff823dc1c9578a67,2026-02-26 08:59:52.000,M🅜🅞🅞🅚 💸⚡️,2026-02-26 12:29:04.230,` xea.,เครื่องไม่สามารถนำเงินเข้าระบบได้,ตรวจสอบพบว่ายอดเงินใน stock มีจำนวนมาก จึงทำให้การดึงข้อมูลจากเครื่องเซิร์ฟเวอร์ช้า ดำเนินการแก้ไขเบื้องต้นให้ transfer stock แบ่งยอดให้กับคุณมาริษา จึงสามารถนำเงินเข้าได้ครับ,209
75,602706162437587473,closed,` xea.,2026-02-26 09:17:35.037,INC,RATE,Rate Exchange WEB,ราชดำริห์,Branch SPR,[INC-RATE] ราชดำริ เรต KRW อยู่ในหน้าเดียวกัน,สาขา ราชดำริ บ้านสวย ผู้แจ้ง รวิภา เวลา 0915 วันที่ 26/2/69 ปัญหา เรตสกุลเงิน KRW ไปอยู่ในหน้าเดียวกันค่ะ,"สาขา: ราชดำริ บ้านสวย
ผู้แจ้ง: รวิภา
เวลา: 09:15
วันที่: 26/2/69
ปัญหา: เรตสกุลเงิน KRW ไปอยู่ในหน้าเดียวกันค่ะ",": เรตสกุลเงิน KRW ไปอยู่ในหน้าเดียวกันค่ะ

[ผู้แจ้ง] รวิภา (v)
[หมวดหมู่] Software
[หมวดหมู่ย่อย] Rate Exchange WEB
[บริษัท] Branch SPR
[สาขา] ราชดำริห์
[เวลา] 26-02-2026 09:16:11

#category Software
#set Branch SPR=ราชดำริห์
#set Category Software=Rate Exchange WEB
#set Contact=Line แจ้งปัญหาและแจ้งซ่อม
#set Day=Thursday
#set User ที่แจ้ง=รวิภา (v)",แจ้งปัญหา : IT,🍇~ĬvÄŕ~🍇,U4a979854e7fd5b2e398dc11f5b7e7787,C873a1e27a46168fbff823dc1c9578a67,2026-02-26 09:16:11.000,🍇~ĬvÄŕ~🍇,2026-03-01 13:11:08.443,` xea.,เรต krw อยู่หน้าเดียวกัน,ตรวจสอบเป็นการปรับการแสดงผลหน้าจอของทาง command,4554
76,602723379065914010,closed,Tonphai,2026-02-26 12:16:21.350,INC,HW,ThaiID Reader,ซีคอนสแควร์,Branch SPR,[INC-HW] สาขาซีคอนศรีนครินทร์ เครื่องสแกนบัตรไม่อ่านบัตร,สาขา สาขาซีคอนศรีนครินทร์ ผู้แจ้ง นัฐพร วันที่ 26/02/2569 เวลา 12.06 ปัญหา เครื่องสแกนบัตรประชาชนไม่อ่านบัตร เคาน์เตอร์เดิมค่ะที่เปลี่ยนเครื่องไป ต้องถอดสาย USB ตลอดทุกครั้งที่แสดงค่ะ รบกวนเช็คให้หน่อยค่ะ,"🧡สาขา : สาขาซีคอนศรีนครินทร์
🧡 ผู้แจ้ง : นัฐพร
🧡วันที่ : 26/02/2569
🧡 เวลา : 12.06
🧡 ปัญหา :  เครื่องสแกนบัตรประชาชนไม่อ่านบัตร เคาน์เตอร์เดิมค่ะที่เปลี่ยนเครื่องไป  ต้องถอดสาย USB ตลอดทุกครั้งที่แสดงค่ะ รบกวนเช็คให้หน่อยค่ะ",":  เครื่องสแกนบัตรประชาชนไม่อ่านบัตร เคาน์เตอร์เดิมค่ะที่เปลี่ยนเครื่องไป  ต้องถอดสาย USB ตลอดทุกครั้งที่แสดงค่ะ รบกวนเช็คให้หน่อยค่ะ

[ผู้แจ้ง] นัฐพร (Nui)
[หมวดหมู่] Hardware
[หมวดหมู่ย่อย] ThaiID Reader
[บริษัท] Branch SPR
[สาขา] ซีคอนสแควร์
[เวลา] 26-02-2026 12:07:13

#category Hardware
#set Branch SPR=ซีคอนสแควร์
#set Category Hardware=ThaiID Reader
#set Contact=Line แจ้งปัญหาและแจ้งซ่อม
#set Day=Thursday
#set User ที่แจ้ง=นัฐพร (Nui)",แจ้งปัญหา : IT,Nui.🧋,Ud408d32ccf6b03a7e42d7a0fd81c2fa0,C873a1e27a46168fbff823dc1c9578a67,2026-02-26 12:07:13.000,Nui.🧋,2026-02-26 12:45:04.200,Tonphai,เครื่องสแกนบัตรประชาชนไม่อ่านบัตร,"ออกระบบ POS , ปิด POS , อัพเดทแฟ้ม ThaiID , รีสตาทเครื่อง PC ครับ",37
77,602725331899515002,closed,Tonphai,2026-02-26 12:57:10.807,SR,HW,UPS,The Mall บางแค,Branch SPR,[SR-HW] เดอะมอลล์บางแค เครื่องสำรองไฟ เปลี่ยนแล้ว,สาขา สาขา เดอะมอลล์บางแค ผู้แจ้ง หนึ่ง วันที่ 26/02/2569 เวลา 12.26น ปัญหา เครื่องสำรองไฟฝ่ายทรัพย์สินได้นำมาเปลี่ยนแล้วนะคะ,"🧡สาขา : สาขา เดอะมอลล์บางแค
🧡 ผู้แจ้ง : หนึ่ง
🧡วันที่ : 26/02/2569
🧡 เวลา : 12.26น
🧡 ปัญหา :  เครื่องสำรองไฟฝ่ายทรัพย์สินได้นำมาเปลี่ยนแล้วนะคะ",":  เครื่องสำรองไฟฝ่ายทรัพย์สินได้นำมาเปลี่ยนแล้วนะคะ

[ผู้แจ้ง] หนึ่ง (Neung459)
[หมวดหมู่] Hardware
[หมวดหมู่ย่อย] UPS
[บริษัท] Branch SPR
[สาขา] The Mall บางแค
[เวลา] 26-02-2026 12:26:37

#category Hardware
#set Branch SPR=The Mall บางแค
#set Category Hardware=UPS
#set Contact=Line แจ้งปัญหาและแจ้งซ่อม
#set Day=Thursday
#set User ที่แจ้ง=หนึ่ง (Neung459)",แจ้งปัญหา : IT,Neung❤️🤑4🍸5💍9💰🪙,Uacfd053d8b5466d83a397e2ea753e328,C873a1e27a46168fbff823dc1c9578a67,2026-02-26 12:26:37.000,Neung❤️🤑4🍸5💍9💰🪙,2026-02-26 12:57:41.447,Tonphai,เปลี่ยนเครื่องสำรองไฟครับ," พี่ @Neung❤️🤑4🍸5💍9💰🪙 ได้ปิดเครื่องเซิฟเวอร์และเปลี่ยนเครื่องสำรองไฟใหม่ , ได้ดำเนินการตรวจสอบ POS และดำเนินการโยนเรทให้เรียบร้อยครับ",30
78,602754859866784128,closed,Tonphai,2026-02-26 17:20:44.233,SR,REQUEST,REQUEST,ราชดำริห์,Branch SPR,[SR-REQUEST] สำนักงานเขตปฏิบัติการสาขา เพิ่ม MC ในระบบ POS,สาขา สำนักงานเขตปฏิบัติการสาขา ผู้แจ้ง มาริษา วันที่ 26/2/69 เวลา 17.19 น. ปัญหา เพิ่ม MC ในระบบPOS ให้หน่อยนะคะ,"สาขา สำนักงานเขตปฏิบัติการสาขา
ผู้แจ้ง มาริษา
วันที่ 26/2/69
เวลา 17.19 น. 
ปัญหา เพิ่ม MC ในระบบPOS ให้หน่อยนะคะ","เพิ่ม MC ในระบบPOS ให้หน่อยนะคะ

[ผู้แจ้ง] มาริษา (ฝน มาริษา)
[หมวดหมู่] Requested
[หมวดหมู่ย่อย] REQUEST
[บริษัท] Branch SPR
[สาขา] ราชดำริห์
[เวลา] 26-02-2026 17:19:57

#category Requested
#set Branch SPR=ราชดำริห์
=REQUEST
#set Contact=Line แจ้งปัญหาและแจ้งซ่อม
#set Day=Thursday
#set User ที่แจ้ง=มาริษา (ฝน มาริษา)",แจ้งปัญหา : IT,ฝน -มาริษา,U1fdc6522f77238ea66a7f8f68698c928,C873a1e27a46168fbff823dc1c9578a67,2026-02-26 17:19:57.000,ฝน -มาริษา,2026-02-26 17:45:25.203,Tonphai,เพิ่ม MC ในระบบ POS,เพิ่ม MC ให้เรียบร้อยครับ,25
79,602846493749280941,closed,ไข่นุ้ย..,2026-02-27 08:31:36.523,INC,POS,SPR Exchange POS,ราชดำริห์,Branch SPR,[INC-POS] โต๊ะกลาง เข้าระบบ POS ไม่ได้,สาขา โต๊ะกลาง ผู้แจ้ง ทิพย์นลิน เวลา 8.31 วันที่ 27/2/69 ปัญหา เข้าระบบPosไม่ได้ค่ะเข้าตั้งแต่0750,"สาขา: โต๊ะกลาง
ผู้แจ้ง: ทิพย์นลิน
เวลา: 8.31 
วันที่: 27/2/69
ปัญหา: เข้าระบบPosไม่ได้ค่ะเข้าตั้งแต่07:50",": เข้าระบบPosไม่ได้ค่ะเข้าตั้งแต่07:50

[ผู้แจ้ง] ทิพย์นลิน (Thipnalin tangmo)
[หมวดหมู่] Software
[หมวดหมู่ย่อย] SPR Exchange POS
[บริษัท] Branch SPR
[สาขา] ราชดำริห์
[เวลา] 27-02-2026 08:30:15

#category Software
#set Branch SPR=ราชดำริห์
#set Category Software=SPR Exchange POS
#set Contact=Line แจ้งปัญหาและแจ้งซ่อม
#set Day=Friday
#set User ที่แจ้ง=ทิพย์นลิน (Thipnalin tangmo)",แจ้งปัญหา : IT,Thipnalin &tangmo🌊💖🦄,U76ef6650bf139e0b1e049cddc60ea918,C873a1e27a46168fbff823dc1c9578a67,2026-02-27 08:30:15.000,Thipnalin &tangmo🌊💖🦄,2026-02-27 12:01:40.743,Tonphai,เข้าระบบ Pos ไม่ได้,ได้ดำเนินการตรวจสอบและรอให้เครื่องเซิฟเวอร์กลับมาทำงานปกติ,210
80,602863954905268399,closed,Tonphai,2026-02-27 11:28:06.177,INC,HW,Passport Reader,ราชดำริห์,Branch SPR,[INC-HW] ราชดำริห์ เคาน์เตอร์ 6 เครื่องสแกนพาสปอร์ตใช้งานไม่ได้,สาขา ราชดำริห์(บ้านสวย) ผู้แจ้ง สุกัญญา เวลา 11.23 ปัญหา เครื่องสแกนพาสปอร์ต เคาน์เตอร์ 6 ใช้งานไม่ได้ค่ะ,"🧡สาขา : ราชดำริห์(บ้านสวย)
🧡ผู้แจ้ง : สุกัญญา
🧡เวลา : 11.23
🧡ปัญหา  : เครื่องสแกนพาสปอร์ต เคาน์เตอร์ 6 ใช้งานไม่ได้ค่ะ ",": เครื่องสแกนพาสปอร์ต เคาน์เตอร์ 6 ใช้งานไม่ได้ค่ะ

[ผู้แจ้ง] สุกัญญา (NUNG)
[หมวดหมู่] Hardware
[หมวดหมู่ย่อย] Passport Reader
[บริษัท] Branch SPR
[สาขา] ราชดำริห์
[เวลา] 27-02-2026 11:23:42

#category Hardware
#set Branch SPR=ราชดำริห์
#set Category Hardware=Passport Reader
#set Contact=Line แจ้งปัญหาและแจ้งซ่อม
#set Day=Friday
#set User ที่แจ้ง=สุกัญญา (NUNG)",แจ้งปัญหา : IT,NUミNG,U9f1e3f64732568d1dbef7b2f9f605fa0,C873a1e27a46168fbff823dc1c9578a67,2026-02-27 11:23:42.000,NUミNG,2026-02-27 11:58:27.820,Tonphai,เครื่องสแกนพาสปอร์ตอ่านไม่ได้ต้องปิดเปิดเครื่องใหม่บ่อยๆ,ทำการตรวจสอบเครื่องสแกนพาสปอร์ตแล้วว่าไม่สามารถสแกนได้ ควรแจ้งเปลี่ยนเครื่องสแกนพาสปอร์ตใหม่ครับ,34
81,602991487601082727,closed,` xea.,2026-02-28 08:35:58.810,INC,NETWORK,Internet PPontime,ราชดำริห์,Branch SPR,[INC-NETWORK] ราชดำริห์ เครื่องคอมพิวเตอร์ ใช้งานอินเตอร์เน็ตไม่ได้,สาขา ราชดำริห์(โต๊ะกลาง) ผู้แจ้ง จารุวรรณ เวลา 830 ปัญหา เครื่องคอมพิวเตอร์ใช้งานอินเตอร์เน็ตไม่ได้,"🧡สาขา : ราชดำริห์(โต๊ะกลาง)
🧡ผู้แจ้ง : จารุวรรณ
🧡เวลา : 8:30
🧡ปัญหา  : เครื่องคอมพิวเตอร์ใช้งานอินเตอร์เน็ตไม่ได้",": เครื่องคอมพิวเตอร์ใช้งานอินเตอร์เน็ตไม่ได้

[ผู้แจ้ง] จารุวรรณ ( JJmall )
[หมวดหมู่] Network
[หมวดหมู่ย่อย] Internet PPontime
[บริษัท] Branch SPR
[สาขา] ราชดำริห์
[เวลา] 28-02-2026 08:30:38

#category Network
#set Branch SPR=ราชดำริห์
#set Category Network=Internet PPontime
#set Contact=Line แจ้งปัญหาและแจ้งซ่อม
#set Day=Saturday
#set User ที่แจ้ง=จารุวรรณ ( JJmall )",แจ้งปัญหา : IT,🏳️‍🌈🐶 𝓙𝓙𝓶𝓪𝓵𝓵 🐰🏳️‍🌈,U528b552b90883dacaba5325e2def7e1a,C873a1e27a46168fbff823dc1c9578a67,2026-02-28 08:30:38.000,🏳️‍🌈🐶 𝓙𝓙𝓶𝓪𝓵𝓵 🐰🏳️‍🌈,2026-02-28 09:05:18.780,` xea.,คอมพิวเตอร์ใช้งานอินเตอร์เน็ตไม่ได้,ทำการ sign in เข้า windows แล้วสามารถใช้งานอินเตอร์เน็ตได้ปกติ,34
82,602993214814945519,closed,` xea.,2026-02-28 08:54:20.520,INC,NETWORK,Internet NT TRUE AIS 3BB,ราชดำริห์,Branch SPR,[INC-NETWORK] ราชดำริห์ เครื่องคอมพิวเตอร์ ใช้งานอินเตอร์เน็ตไม่ได้,สาขา ราชดำริห์(โต๊ะกลาง) ผู้แจ้ง ชาณิศา เวลา 848 ปัญหา เครื่องคอมพิวเตอร์ใช้งานอินเตอร์เน็ตไม่ได้,"🧡สาขา : ราชดำริห์(โต๊ะกลาง)
🧡ผู้แจ้ง : ชาณิศา
🧡เวลา : 8:48
🧡ปัญหา  : เครื่องคอมพิวเตอร์ใช้งานอินเตอร์เน็ตไม่ได้ @All ",": เครื่องคอมพิวเตอร์ใช้งานอินเตอร์เน็ตไม่ได้ @All

[ผู้แจ้ง] ชาณิศา (PEACH)
[หมวดหมู่] Network
[หมวดหมู่ย่อย] Internet NT TRUE AIS 3BB
[บริษัท] Branch SPR
[สาขา] ราชดำริห์
[เวลา] 28-02-2026 08:47:47

#category Network
#set Branch SPR=ราชดำริห์
#set Category Network=Internet NT TRUE AIS 3BB
#set Contact=Line แจ้งปัญหาและแจ้งซ่อม
#set Day=Saturday
#set User ที่แจ้ง=ชาณิศา (PEACH)",แจ้งปัญหา : IT,PEACH,Ud83dd8e84cab4cc31de651a111d6b137,C873a1e27a46168fbff823dc1c9578a67,2026-02-28 08:47:47.000,PEACH,2026-02-28 09:20:34.130,` xea.,คอมพิวเตอร์ใช้งานอินเตอร์เน็ตไม่ได้ และไม่เชื่อมต่อ domain,ดำเนินการ rejoin domain และซ่อมไฟล์ windows ตอนนี้ใช้งานได้เรียบร้อย,32
83,603013761988821131,closed,` xea.,2026-02-28 12:13:01.357,INC,HW,ThaiID Reader,ซีคอนสแควร์,Branch SPR,[INC-HW] สาขาซีคอนศรีนครินทร์ เครื่องสแกนบัตรประชาชนไม่อ่านบัตร,สาขา สาขาซีคอนศรีนครินทร์ ผู้แจ้ง นัฐพร วันที่ 28/02/2569 เวลา 12.10 ปัญหา เครื่องสแกนบัตรประชาชนไม่อ่านบัตร เคาน์เตอร์เดิมค่ะที่เปลี่ยนเครื่องไป ต้องถอดสาย USB ตลอดทุกครั้งที่แสดงค่ะ รบกวนเช็คให้หน่อยค่ะ,"🧡สาขา : สาขาซีคอนศรีนครินทร์
🧡 ผู้แจ้ง : นัฐพร
🧡วันที่ : 28/02/2569
🧡 เวลา : 12.10
🧡 ปัญหา :  เครื่องสแกนบัตรประชาชนไม่อ่านบัตร เคาน์เตอร์เดิมค่ะที่เปลี่ยนเครื่องไป  ต้องถอดสาย USB ตลอดทุกครั้งที่แสดงค่ะ รบกวนเช็คให้หน่อยค่ะ",":  เครื่องสแกนบัตรประชาชนไม่อ่านบัตร เคาน์เตอร์เดิมค่ะที่เปลี่ยนเครื่องไป  ต้องถอดสาย USB ตลอดทุกครั้งที่แสดงค่ะ รบกวนเช็คให้หน่อยค่ะ

[ผู้แจ้ง] นัฐพร (Nui)
[หมวดหมู่] Hardware
[หมวดหมู่ย่อย] ThaiID Reader
[บริษัท] Branch SPR
[สาขา] ซีคอนสแควร์
[เวลา] 28-02-2026 12:11:54

#category Hardware
#set Branch SPR=ซีคอนสแควร์
#set Category Hardware=ThaiID Reader
#set Contact=Line แจ้งปัญหาและแจ้งซ่อม
#set Day=Saturday
#set User ที่แจ้ง=นัฐพร (Nui)",แจ้งปัญหา : IT,Nui.🧋,Ud408d32ccf6b03a7e42d7a0fd81c2fa0,C873a1e27a46168fbff823dc1c9578a67,2026-02-28 12:11:54.000,Nui.🧋,2026-02-28 13:03:59.043,` xea.,แสกนบัตร ปชช. ไม่ได้ ต้องถอดสาย usb เสียบใหม่ทุกครั้ง,"ดำเนินการถอนการติดตั้ง driver และ software thaiid และลงใหม่, update bios และ driver chipset และ restart เครื่อง",51
84,603020787011551660,closed,` xea.,2026-02-28 13:22:28.330,INC,POS,SPR Exchange POS,One Bangkok,Branch SPR,[INC-POS] ONE BKK ระบบPOS ค้าง เข้าใช้งานไม่ได้,รูปแบบข้อความในการแจ้งปัญหา IT สาขา ONE BKK ผู้แจ้ง กันภิรมย์ ปัญหา ระบบPOS ค้าง และเข้าใช้งานไม่ได้ค่ะ,"รูปแบบข้อความในการแจ้งปัญหา IT

สาขา ONE BKK
ผู้แจ้ง กันภิรมย์
ปัญหา  ระบบPOS ค้าง และเข้าใช้งานไม่ได้ค่ะ","IT

สาขา ONE BKK
ผู้แจ้ง กันภิรมย์
ปัญหา  ระบบPOS ค้าง และเข้าใช้งานไม่ได้ค่ะ

[ผู้แจ้ง] กันภิรมย์ (KKanpiA)
[หมวดหมู่] Software
[หมวดหมู่ย่อย] SPR Exchange POS
[บริษัท] Branch SPR
[สาขา] One Bangkok
[เวลา] 28-02-2026 13:21:42

#category Software
#set Branch SPR=One Bangkok
#set Category Software=SPR Exchange POS
#set Contact=Line แจ้งปัญหาและแจ้งซ่อม
#set Day=Saturday
#set User ที่แจ้ง=กันภิรมย์ (KKanpiA)",แจ้งปัญหา : IT,KKanpiA🏳️‍🌈🌼🩷,U31b09101def44a71caeb5dbccd410381,C873a1e27a46168fbff823dc1c9578a67,2026-02-28 13:21:42.000,KKanpiA🏳️‍🌈🌼🩷,2026-02-28 13:56:34.433,` xea.,ระบบ pos ค้างใช้งานไม่ได้,ตรวจสอบพบว่าเครื่อง server มีอาการ ram และ hdd peek ทำการแก้ไขเรียบร้อย,34
85,603040519601521088,closed,` xea.,2026-02-28 16:38:02.143,INC,POS,SPR Exchange POS,ICS,Branch SPR,[INC-POS] สาขาไอซีเอส POS รับซื้อค้าง ทำรายการไม่ได้,สาขา สาขาไอซีเอส ผู้แจ้ง วราภรณ์ วันที่ 28/02/2569 เวลา 16.33 ปัญหา เข้าposรับซื้อระบบค้าง ไม่สามารถทำรายการได้ เบื้องต้นลองรีสตาร์ทเครื่องใหม่แล้ว แต่ยังเข้ารับซื้อไม่ได้รบกวนตรวจสอบให้ด้วยค่ะ,"🧡สาขา : สาขาไอซีเอส
🧡 ผู้แจ้ง : วราภรณ์
🧡วันที่ : 28/02/2569
🧡 เวลา : 16.33
🧡 ปัญหา : เข้าposรับซื้อระบบค้าง ไม่สามารถทำรายการได้ เบื้องต้นลองรีสตาร์ทเครื่องใหม่แล้ว แต่ยังเข้ารับซื้อไม่ได้รบกวนตรวจสอบให้ด้วยค่ะ",": เข้าposรับซื้อระบบค้าง ไม่สามารถทำรายการได้ เบื้องต้นลองรีสตาร์ทเครื่องใหม่แล้ว แต่ยังเข้ารับซื้อไม่ได้รบกวนตรวจสอบให้ด้วยค่ะ

[ผู้แจ้ง] วราภรณ์ (Gift  68)
[หมวดหมู่] Software
[หมวดหมู่ย่อย] SPR Exchange POS
[บริษัท] Branch SPR
[สาขา] ICS
[เวลา] 28-02-2026 16:37:43

#category Software
#set Branch SPR=ICS
#set Category Software=SPR Exchange POS
#set Contact=Line แจ้งปัญหาและแจ้งซ่อม
#set Day=Saturday
#set User ที่แจ้ง=วราภรณ์ (Gift  68)",แจ้งปัญหา : IT,Gift 🎁 68🍀,U6656080996b3b76d5644cb00b45c3daa,C873a1e27a46168fbff823dc1c9578a67,2026-02-28 16:37:43.000,Gift 🎁 68🍀,2026-02-28 17:12:55.503,` xea.,ระบบ pos ค้างใช้งานไม่ได้,ตรวจสอบพบว่าเครื่อง server มีอาการ ram และ hdd peek ทำการแก้ไขเรียบร้อย,34
86,603188259229008112,closed,GooD,2026-03-01 17:09:22.313,INC,HW,UPS,Around Community Mall,Branch SPR,[INC-HW] ปตท.ประตูน้ำ เครื่องสำรองไฟดังเป็นช่วงๆ,สาขา ปตท.ประตูน้ำ ผู้แจ้ง สุกัญญา วันที่ 1/3/69 เวลา 17.05 ปัญหา เครื่องสำรองไฟดังเป็นช่วงๆค่ะ,"🧡สาขา : ปตท.ประตูน้ำ
🧡ผู้แจ้ง : สุกัญญา
🧡วันที่ : 1/3/69
🧡เวลา : 17.05
🧡ปัญหา  : เครื่องสำรองไฟดังเป็นช่วงๆค่ะ",": เครื่องสำรองไฟดังเป็นช่วงๆค่ะ

[ผู้แจ้ง] สุกัญญา (NUNG)
[หมวดหมู่] Hardware
[หมวดหมู่ย่อย] UPS
[บริษัท] Branch SPR
[สาขา] Around Community Mall
[เวลา] 01-03-2026 17:05:23

#category Hardware
#set Branch SPR=Around Community Mall
#set Category Hardware=UPS
#set Contact=Line แจ้งปัญหาและแจ้งซ่อม
#set Day=Sunday
#set User ที่แจ้ง=สุกัญญา (NUNG)",แจ้งปัญหา : IT,NUミNG,U9f1e3f64732568d1dbef7b2f9f605fa0,C873a1e27a46168fbff823dc1c9578a67,2026-03-01 17:05:23.000,NUミNG,2026-03-01 17:17:31.097,GooD,เครื่องสำรองไฟดัง,ปลั๊กหลวมทำการเสียบใหม่ให้แน่นครับ,11
87,603290344612429878,closed,🆃🅾🅲🅺🆃🅰🅲🅺,2026-03-02 09:59:58.893,INC,HW,UPS,ราชดำริห์,Branch SPR,[INC-HW] บ้านสวย เครื่องสำรองไฟดัง ปิดเปิดไม่หาย,สาขา บ้านสวย ผู้แจ้ง โชติกา วันที่ 2/3/69 เวลา 9.58 ปัญหา เครื่องสำรองไฟดัง ปิดเปิด ถอดปลั๊ก ปล่อยไว้5นาที 2รอบแล้วยังไม่หายค่ะ,"🧡สาขา : บ้านสวย
🧡ผู้แจ้ง : โชติกา 
🧡วันที่ : 2/3/69
🧡เวลา : 9.58
🧡ปัญหา  : เครื่องสำรองไฟดัง ปิดเปิด ถอดปลั๊ก ปล่อยไว้5นาที 2รอบแล้วยังไม่หายค่ะ ",": เครื่องสำรองไฟดัง ปิดเปิด ถอดปลั๊ก ปล่อยไว้5นาที 2รอบแล้วยังไม่หายค่ะ

[ผู้แจ้ง] โชติกา (Pair168)
[หมวดหมู่] Hardware
[หมวดหมู่ย่อย] UPS
[บริษัท] Branch SPR
[สาขา] ราชดำริห์
[เวลา] 02-03-2026 09:59:30

#category Hardware
#set Branch SPR=ราชดำริห์
#set Category Hardware=UPS
#set Contact=Line แจ้งปัญหาและแจ้งซ่อม
#set Day=Monday
#set User ที่แจ้ง=โชติกา (Pair168)",แจ้งปัญหา : IT,Pair₁₆₈♡,Uef727214972bafc15212d7f157958d4e,C873a1e27a46168fbff823dc1c9578a67,2026-03-02 09:59:30.000,Pair₁₆₈♡,2026-03-02 14:44:58.113,🆃🅾🅲🅺🆃🅰🅲🅺,เครื่องสำรองไฟดัง,ทำการปิดและเปิดเครื่องสำรองไฟ เครื่องไม่ดังแล้ว แนะนำให้ทำการเสียบสายpower เครื่องคอมพิวเตอร์คืนหลังเลิกงานครับ,284
88,603293847778492744,closed,🆃🅾🅲🅺🆃🅰🅲🅺,2026-03-02 10:35:26.367,INC,NETWORK,Internet PPontime,เยาวราช,Branch SPR,[INC-NETWORK] เยาวราช ไม่มีสัญญาณอินเทอร์เน็ต POS ใช้งานไม่ได้,สาขา เยาวราช ผู้แจ้ง สุทธิพรรณ วันที่ 2/3/69 เวลา 10.33 ปัญหา ไม่มีสัญญาณอินเตอเน็ตค่ะ ระบบPOS ใช้งานไม่ได้ และไอคอนหายไปจากเดทท็อปค่ะ,"🧡สาขา : เยาวราช
🧡ผู้แจ้ง : สุทธิพรรณ
🧡วันที่ : 2/3/69
🧡เวลา : 10.33
🧡ปัญหา  : ไม่มีสัญญาณอินเตอเน็ตค่ะ ระบบPOS ใช้งานไม่ได้ และไอคอนหายไปจากเดทท็อปค่ะ ",": ไม่มีสัญญาณอินเตอเน็ตค่ะ ระบบPOS ใช้งานไม่ได้ และไอคอนหายไปจากเดทท็อปค่ะ

[ผู้แจ้ง] สุทธิพรรณ (ple )
[หมวดหมู่] Network
[หมวดหมู่ย่อย] Internet PPontime
[บริษัท] Branch SPR
[สาขา] เยาวราช
[เวลา] 02-03-2026 10:34:18

#category Network
#set Branch SPR=เยาวราช
#set Category Network=Internet PPontime
#set Contact=Line แจ้งปัญหาและแจ้งซ่อม
#set Day=Monday
#set User ที่แจ้ง=สุทธิพรรณ (ple )",แจ้งปัญหา : IT,ple 🍁,Uafc56cac5d3aedc44b0f896a59363946,C873a1e27a46168fbff823dc1c9578a67,2026-03-02 10:34:18.000,ple 🍁,2026-03-02 10:43:16.197,🆃🅾🅲🅺🆃🅰🅲🅺,ไม่มีสัญญาณอินเตอเน็ตค่ะ ระบบPOS ใช้งานไม่ได้ และไอคอนหายไปจากเดทท็อป,ทำการถอดสายแลนออกและเสียบใหม่ Create shortcut POS ไว้หน้า Desktop เรียบร้อยครับ,8
89,603296612160635246,closed,Tonphai,2026-03-02 11:02:58.600,SR,PRINTER,Printer,ดุสิต เซ็นทรัล พาร์ค,Branch SPR,[SR-PRINTER] เซ็นทรัลดุสิต เชื่อมต่อ Printer เครื่องใหม่,สาขา เซ็นทรัลดุสิต ผู้แจ้ง อภิชญา วันที่ 2/3/69 เวลา 1100 ปัญหา รบกวนช่วยเชื่อมต่อเครื่องปริ้นให้หน่อยค่ะ เนื่องจากมีการเปลี่ยนเครื่องปริ้นใหม่ค่ะ,"🧡สาขา : เซ็นทรัลดุสิต
🧡ผู้แจ้ง : อภิชญา
🧡วันที่ : 2/3/69
🧡เวลา : 11:00
🧡ปัญหา  : รบกวนช่วยเชื่อมต่อเครื่องปริ้นให้หน่อยค่ะ เนื่องจากมีการเปลี่ยนเครื่องปริ้นใหม่ค่ะ",": รบกวนช่วยเชื่อมต่อเครื่องปริ้นให้หน่อยค่ะ เนื่องจากมีการเปลี่ยนเครื่องปริ้นใหม่ค่ะ

[ผู้แจ้ง] อภิชญา (Ice )
[หมวดหมู่] Printer
[หมวดหมู่ย่อย] Printer
[บริษัท] Branch SPR
[สาขา] ดุสิต เซ็นทรัล พาร์ค
[เวลา] 02-03-2026 11:01:46

#category Printer
#set Branch SPR=ดุสิต เซ็นทรัล พาร์ค

#set Contact=Line แจ้งปัญหาและแจ้งซ่อม
#set Day=Monday
#set User ที่แจ้ง=อภิชญา (Ice )",แจ้งปัญหา : IT,Ice 冰,Ud157f7b86e309a8ac78e1915f8aed19c,C873a1e27a46168fbff823dc1c9578a67,2026-03-02 11:01:46.000,Ice 冰,2026-03-02 14:42:38.907,🆃🅾🅲🅺🆃🅰🅲🅺,เชื่อต่อปริ้นเตอร์,ดำเนินการลงไดรเวอร์ปริ้นเตอร์สามารถปริ้นได้เรียบร้อยคนรับ,220
90,603300146348032256,closed,🆃🅾🅲🅺🆃🅰🅲🅺,2026-03-02 11:53:05.840,INC,HW,ThaiID Reader,ซีคอนสแควร์,Branch SPR,[INC-HW] สาขาซีคอนศรีนครินทร์ เคาน์เตอร์เดิม เครื่องสแกนบัตรไม่อ่าน,สาขา สาขาซีคอนศรีนครินทร์ ผู้แจ้ง นัฐพร วันที่ 2/03/2569 เวลา 11.36 ปัญหา เครื่องสแกนบัตรประชาชนไม่อ่านบัตร เคาน์เตอร์เดิมค่ะที่เปลี่ยนเครื่องไป ต้องถอดสาย USB ตลอดทุกครั้งที่แสดงค่ะ ตอนนี้คอมค้างไปแล้วค่ะรบกวนเช็คให้หน่อยค่ะ,"🧡สาขา : สาขาซีคอนศรีนครินทร์
🧡 ผู้แจ้ง : นัฐพร
🧡วันที่ : 2/03/2569
🧡 เวลา : 11.36
🧡 ปัญหา :  เครื่องสแกนบัตรประชาชนไม่อ่านบัตร เคาน์เตอร์เดิมค่ะที่เปลี่ยนเครื่องไป  ต้องถอดสาย USB ตลอดทุกครั้งที่แสดงค่ะ ตอนนี้คอมค้างไปแล้วค่ะรบกวนเช็คให้หน่อยค่ะ",":  เครื่องสแกนบัตรประชาชนไม่อ่านบัตร เคาน์เตอร์เดิมค่ะที่เปลี่ยนเครื่องไป  ต้องถอดสาย USB ตลอดทุกครั้งที่แสดงค่ะ ตอนนี้คอมค้างไปแล้วค่ะรบกวนเช็คให้หน่อยค่ะ

[ผู้แจ้ง] นัฐพร (Nui)
[หมวดหมู่] Hardware
[หมวดหมู่ย่อย] ThaiID Reader
[บริษัท] Branch SPR
[สาขา] ซีคอนสแควร์
[เวลา] 02-03-2026 11:36:53

#category Hardware
#set Branch SPR=ซีคอนสแควร์
#set Category Hardware=ThaiID Reader
#set Contact=Line แจ้งปัญหาและแจ้งซ่อม
#set Day=Monday
#set User ที่แจ้ง=นัฐพร (Nui)",แจ้งปัญหา : IT,Nui.🧋,Ud408d32ccf6b03a7e42d7a0fd81c2fa0,C873a1e27a46168fbff823dc1c9578a67,2026-03-02 11:36:53.000,Nui.🧋,2026-03-02 16:22:16.880,Tonphai,เครื่องสแกนบัตรประชาชนไม่อ่านบัตร,"ออกระบบ POS , ปิด POS , อัพเดทแฟ้ม ThaiID, รีสตาทเครื่อง PC , สลับที่เสียบสาย USB ใหม่ครับ",285
91,603330722337915004,assigned,ไข่นุ้ย..,2026-03-04 09:58:11.933,SR,IT,IT,สีลม,Branch SPR,[SR-IT] สาขาสีลม เพิ่มโทรศัพท์ตั้งโต๊ะ,สาขา สีลม ผู้แจ้ง โชค ปัญหา ฝากดำเนินการเรื่องโทรศัพท์ตั้งโต๊ะของคุณพอล กับคุณกัสจัง,"สาขา สีลม
ผู้แจ้ง โชค
ปัญหา ฝากดำเนินการเรื่องโทรศัพท์ตั้งโต๊ะของคุณพอล กับคุณกัสจัง","ฝากดำเนินการเรื่องโทรศัพท์ตั้งโต๊ะของคุณพอล กับคุณกัสจัง

[ผู้แจ้ง] โชค (Choqe)
[หมวดหมู่] Requested
[หมวดหมู่ย่อย] REQUEST
[บริษัท] Branch SPR
[สาขา] สีลม
[เวลา] 02-03-2026 16:40:37

#category Requested
#set Branch SPR=สีลม
=REQUEST
#set Contact=Line แจ้งปัญหาและแจ้งซ่อม
#set Day=Monday
#set User ที่แจ้ง=โชค (Choqe)",IT Assignee,Choqe,U6efd4d4652cdda9645be0d1e0f170e46,C487cf71654d443d0f5cb948fb0757a3a,2026-03-02 16:40:37.000,Choqe,2026-03-04 09:58:37.373,ไข่นุ้ย..,NULL,NULL,NULL
92,603330872896127242,assigned,ไข่นุ้ย..,2026-03-04 09:58:38.513,SR,IT,IT,สีลม,Branch SPR,[SR-IT] สาขาสีลม ขอติดตั้งโปรแกรม Exchange ตรวจรายชื่อบุคคลเสี่ยง,สาขา สีลม ผู้แจ้ง โชค ปัญหา จัดทำสรุปเอกสารตรวจรับเรื่องการติดตั้งโปรแกรม exchange แบบตรวจรายชื่อบุคคลเสี่ยงอัตโนมัติ จากผู้ใช้งาน เพื่อเตรียมทำจ่ายงวด2,"สาขา สีลม
ผู้แจ้ง โชค
ปัญหา จัดทำสรุปเอกสารตรวจรับเรื่องการติดตั้งโปรแกรม exchange แบบตรวจรายชื่อบุคคลเสี่ยงอัตโนมัติ จากผู้ใช้งาน เพื่อเตรียมทำจ่ายงวด2","จัดทำสรุปเอกสารตรวจรับเรื่องการติดตั้งโปรแกรม exchange แบบตรวจรายชื่อบุคคลเสี่ยงอัตโนมัติ จากผู้ใช้งาน เพื่อเตรียมทำจ่ายงวด2

[ผู้แจ้ง] โชค (Choqe)
[หมวดหมู่] Requested
[หมวดหมู่ย่อย] REQUEST
[บริษัท] Branch SPR
[สาขา] สีลม
[เวลา] 02-03-2026 16:42:07

#category Requested
#set Branch SPR=สีลม
=REQUEST
#set Contact=Line แจ้งปัญหาและแจ้งซ่อม
#set Day=Monday
#set User ที่แจ้ง=โชค (Choqe)",IT Assignee,Choqe,U6efd4d4652cdda9645be0d1e0f170e46,C487cf71654d443d0f5cb948fb0757a3a,2026-03-02 16:42:07.000,Choqe,2026-03-04 09:59:04.410,ไข่นุ้ย..,NULL,NULL,NULL
93,603341357817528798,closed,Tonphai,2026-03-02 18:26:54.317,INC,POS,SPR Exchange POS,สีลม,Branch SPR,[INC-POS] สาขาสีลม POS เข้าระบบไม่ได้,สาขา สาขาสีลม ผู้แจ้ง ชุติดกาญจน์ วันที่ 2/03/2569 เวลา 18.25 ปัญหา pos มีปัญหาเข้าระบบไม่ได้ค่ะ,"🧡สาขา : สาขาสีลม
🧡 ผู้แจ้ง : ชุติดกาญจน์
🧡วันที่ : 2/03/2569
🧡 เวลา : 18.25
🧡 ปัญหา :  pos มีปัญหาเข้าระบบไม่ได้ค่ะ",":  pos มีปัญหาเข้าระบบไม่ได้ค่ะ

[ผู้แจ้ง] ชุติดกาญจน์ (Ouum Kumnoo)
[หมวดหมู่] Software
[หมวดหมู่ย่อย] SPR Exchange POS
[บริษัท] Branch SPR
[สาขา] สีลม
[เวลา] 02-03-2026 18:26:17

#category Software
#set Branch SPR=สีลม
#set Category Software=SPR Exchange POS
#set Contact=Line แจ้งปัญหาและแจ้งซ่อม
#set Day=Monday
#set User ที่แจ้ง=ชุติดกาญจน์ (Ouum Kumnoo)",แจ้งปัญหา : IT,Ouum Kumnoo,U81aba17545a9782cb7e845c367cb7531,C873a1e27a46168fbff823dc1c9578a67,2026-03-02 18:26:17.000,Ouum Kumnoo,2026-03-02 18:32:36.560,Tonphai,pos มีปัญหาเข้าระบบไม่ได้,พี่,5
94,603430330497499393,closed,🆃🅾🅲🅺🆃🅰🅲🅺,2026-03-03 09:10:53.483,INC,PRINTER,Printer,สีลม,Branch SPR,[INC-PRINTER] สาขาสีลม เครื่องปริ้นใบเสร็จปริ้นไม่ออก,สาขา สาขาสีลม ผู้แจ้ง พรธิรา วันที่ 3/3/2569 เวลา 09.10 ปัญหา เครื่องปริ้นใบเสร็จปริ้นไม่ออกค่ะ ถอดสาย เสียบใหม่ แล้วยังไม่ได้ค่ะ,"🧡สาขา : สาขาสีลม
🧡 ผู้แจ้ง : พรธิรา
🧡วันที่ : 3/3/2569
🧡 เวลา : 09.10
🧡 ปัญหา : เครื่องปริ้นใบเสร็จปริ้นไม่ออกค่ะ ถอดสาย เสียบใหม่ แล้วยังไม่ได้ค่ะ",": เครื่องปริ้นใบเสร็จปริ้นไม่ออกค่ะ ถอดสาย เสียบใหม่ แล้วยังไม่ได้ค่ะ

[ผู้แจ้ง] พรธิรา ( K  )
[หมวดหมู่] Printer
[หมวดหมู่ย่อย] Printer
[บริษัท] Branch SPR
[สาขา] สีลม
[เวลา] 03-03-2026 09:10:08

#category Printer
#set Branch SPR=สีลม

#set Contact=Line แจ้งปัญหาและแจ้งซ่อม
#set Day=Tuesday
#set User ที่แจ้ง=พรธิรา ( K  )",แจ้งปัญหา : IT,$ K ¥ 🪐,U7dc9cf42ba09d9798c27a7cef6441e23,C873a1e27a46168fbff823dc1c9578a67,2026-03-03 09:10:08.000,$ K ¥ 🪐,2026-03-03 10:01:08.507,🆃🅾🅲🅺🆃🅰🅲🅺,เครื่องปริ้นใบเสร็จปริ้นไม่ออกค่ะ ถอดสาย เสียบใหม่ แล้วยังไม่ได้ค่ะ,"Uninstall,Insatll Driver Printer สามารถใช้งานได้เรียบร้อยครับ",50
95,603435179649794465,closed,🆃🅾🅲🅺🆃🅰🅲🅺,2026-03-03 09:58:44.130,INC,HW,UPS,ซีคอนสแควร์,Branch SPR,[INC-HW] ซีคอนศรีนครินทร์ เครื่องเซิร์ฟเวอร์ดับ,สาขา ซีคอนศรีนครินทร์ ผู้แจ้ง ธิดารัตน์ วันที่ 3 /03/2569 เวลา 0956 น. ปัญหา เครื่องสำรองไฟดัง และเครื่องเซิร์ฟเวอร์ดับ รบกวนเช็คให้หน่อยนะคะ เบื้องต้น ถอดเครื่องสำรองไฟออก ต่อสายตรงเรียบร้อยแล้วค่ะ,"🧡สาขา : ซีคอนศรีนครินทร์
🧡 ผู้แจ้ง : ธิดารัตน์
🧡วันที่ : 3 /03/2569
🧡 เวลา : 09:56 น.
🧡 ปัญหา : เครื่องสำรองไฟดัง และเครื่องเซิร์ฟเวอร์ดับ รบกวนเช็คให้หน่อยนะคะ เบื้องต้น ถอดเครื่องสำรองไฟออก ต่อสายตรงเรียบร้อยแล้วค่ะ",": เครื่องสำรองไฟดัง และเครื่องเซิร์ฟเวอร์ดับ รบกวนเช็คให้หน่อยนะคะ เบื้องต้น ถอดเครื่องสำรองไฟออก ต่อสายตรงเรียบร้อยแล้วค่ะ

[ผู้แจ้ง] ธิดารัตน์ ( )
[หมวดหมู่] Hardware
[หมวดหมู่ย่อย] UPS
[บริษัท] Branch SPR
[สาขา] ซีคอนสแควร์
[เวลา] 03-03-2026 09:58:19

#category Hardware
#set Branch SPR=ซีคอนสแควร์
#set Category Hardware=UPS
#set Contact=Line แจ้งปัญหาและแจ้งซ่อม
#set Day=Tuesday
#set User ที่แจ้ง=ธิดารัตน์ ( )",แจ้งปัญหา : IT,🆃🅸🅳🅰🆁🅰🆃.🆂 🐶🫶🏻,Uccdfce950e749cd1e8806a6277ee2c4f,C873a1e27a46168fbff823dc1c9578a67,2026-03-03 09:58:19.000,🆃🅸🅳🅰🆁🅰🆃.🆂 🐶🫶🏻,2026-03-03 10:24:45.233,🆃🅾🅲🅺🆃🅰🅲🅺,เครื่องสำรองไฟดัง และเครื่องเซิร์ฟเวอร์ดับ,เบื้องต้นให้ทำการต่อสายไฟตรงเพื่อทำการเปิดรับลูกค้าก่อนครับ และทำการตรวจสอบแก้ไขเครื่องสำรองไฟตอนนี้ไม่ดังแล้ว แจ้งให้ทำการเปลี่ยนและเสียบเข้ากับเครื่องสำรองไฟหลังเลิกงานครับ ตอนนี้ระบบกลับมาใช้งานได้ปกติเรียบร้อยครับ ขอบคุณครับ,25
96,603445464989433892,closed,🆃🅾🅲🅺🆃🅰🅲🅺,2026-03-03 11:41:06.807,INC,HW,Server Branch,SPRT-สยาม,Branch Franchise,[INC-HW] สาขา BTS สยาม เครื่อง Server สำรองไฟดัง เครื่องรีสตาร์ท,สาขา bts สยาม ผู้แจ้ง หมิว ปัญหา รบกวนตรวจสอบเซิร์ฟเวอร์ให้หน่อยค่ะ เครื่องสำรองไฟดัง เครื่องรีสาร์ทใหม่ ทำให้คอมหน้าเคาท์เตอร์ใช้ไม่ได้ค่ะ,"สาขา: bts สยาม
ผู้แจ้ง: หมิว
ปัญหา: รบกวนตรวจสอบเซิร์ฟเวอร์ให้หน่อยค่ะ เครื่องสำรองไฟดัง เครื่องรีสาร์ทใหม่ ทำให้คอมหน้าเคาท์เตอร์ใช้ไม่ได้ค่ะ",": รบกวนตรวจสอบเซิร์ฟเวอร์ให้หน่อยค่ะ เครื่องสำรองไฟดัง เครื่องรีสาร์ทใหม่ ทำให้คอมหน้าเคาท์เตอร์ใช้ไม่ได้ค่ะ

[ผู้แจ้ง] หมิว (JINDA)
[หมวดหมู่] Hardware
[หมวดหมู่ย่อย] Server Branch
[บริษัท] Branch Franchise
[สาขา] SPRT-สยาม
[เวลา] 03-03-2026 11:40:29

#category Hardware
#set Branch Franchise=SPRT-สยาม
#set Category Hardware=Server Branch
#set Contact=Line แจ้งปัญหาและแจ้งซ่อม
#set Day=Tuesday
#set User ที่แจ้ง=หมิว (JINDA)",[SPRT] แจ้งปัญหาเกี่ยวกับ IT,𝕁𝕀ℕ𝔻𝔸,Ub1d94c648c809866690ce599ed55fd9c,Cd2218e400e6c9430d50d73d034863138,2026-03-03 11:40:29.000,𝕁𝕀ℕ𝔻𝔸,2026-03-03 12:51:35.933,🆃🅾🅲🅺🆃🅰🅲🅺,รบกวนตรวจสอบเซิร์ฟเวอร์ให้หน่อยค่ะ เครื่องสำรองไฟดัง เครื่องรีสาร์ทใหม่ ทำให้คอมหน้าเคาท์เตอร์ใช้ไม่ได้ค่ะ,"ทำการถอดสายไฟออกจากเครื่อสำรองไฟให้หมด พักไว้ 5 นาที และทำการเสียบเข้าไปใหม่ เปิดเครื่องสำรองไฟติด ตรวจสอบระบบ POS , Rate สามารถใช้งานได้เรียบร้อยครับ",70
97,603576557860815481,assigned,ไข่นุ้ย..,2026-03-04 09:58:50.283,SR,IT,Email,สีลม,Branch SPR,[SR-IT] สาขา สีลม ส่ง mail สรุป update โปรแกรมรับซื้อ,"สาขา สีลม ผู้แจ้ง โชค ปัญหา ส่ง mail สรุปสาขาที่จะ update โปรแกรมรองรับเรื่องรับซื้อไม่เกิน 800,000 ให้นพ (ส่ง mail ออกก่อนเที่ยงวันนี้)","สาขา สีลม
ผู้แจ้ง โชค
ปัญหา ส่ง mail สรุปสาขาที่จะ update โปรแกรมรองรับเรื่องรับซื้อไม่เกิน 800,000 ให้นพ (ส่ง mail ออกก่อนเที่ยงวันนี้)","ส่ง mail สรุปสาขาที่จะ update โปรแกรมรองรับเรื่องรับซื้อไม่เกิน 800,000 ให้นพ (ส่ง mail ออกก่อนเที่ยงวันนี้)

[ผู้แจ้ง] โชค (Choqe)
[หมวดหมู่] IT
[หมวดหมู่ย่อย] Email
[บริษัท] Branch SPR
[สาขา] สีลม
[เวลา] 04-03-2026 09:22:47

#category IT
#set Branch SPR=สีลม
=Email
#set Contact=Line แจ้งปัญหาและแจ้งซ่อม
#set Day=Wednesday
#set User ที่แจ้ง=โชค (Choqe)",IT Assignee,Choqe,U6efd4d4652cdda9645be0d1e0f170e46,C487cf71654d443d0f5cb948fb0757a3a,2026-03-04 09:22:47.000,Choqe,2026-03-04 09:59:15.747,ไข่นุ้ย..,NULL,NULL,NULL
98,603579274091561120,closed,🆃🅾🅲🅺🆃🅰🅲🅺,2026-03-04 09:49:51.960,INC,RATE,Rate Exchange WEB,SPRT-อโศก 2,Branch Franchise,[INC-RATE] BTS อโศก 2 เปิดเรทไม่ได้,สาขา bts อโศก 2 ผู้แจ้ง เกศินี ปัญหา เปิดเรทไม่ได้ค่ะ,"สาขา: bts อโศก 2
ผู้แจ้ง: เกศินี
ปัญหา: เปิดเรทไม่ได้ค่ะ",": เปิดเรทไม่ได้ค่ะ

[ผู้แจ้ง] เกศินี (kesinee)
[หมวดหมู่] Software
[หมวดหมู่ย่อย] Rate Exchange WEB
[บริษัท] Branch Franchise
[สาขา] SPRT-อโศก 2
[เวลา] 04-03-2026 09:49:46

#category Software
#set Branch Franchise=SPRT-อโศก 2
#set Category Software=Rate Exchange WEB
#set Contact=Line แจ้งปัญหาและแจ้งซ่อม
#set Day=Wednesday
#set User ที่แจ้ง=เกศินี (kesinee)",[SPRT] แจ้งปัญหาเกี่ยวกับ IT,❀*♡kesinee♡*❀,Udfdfd8a3d05e450c3fa13aac1613dba2,Cd2218e400e6c9430d50d73d034863138,2026-03-04 09:49:46.000,❀*♡kesinee♡*❀,2026-03-04 09:51:34.573,🆃🅾🅲🅺🆃🅰🅲🅺,ปิดเรทไม่ได้ค่ะ,ทำการแก้ไขโยนเรทเรียบร้อยครับ,1
99,603614979060662941,pending,NULL,NULL,INC,HW,ThaiID Reader,ดิโอสยาม,Branch SPR,[INC-HW] สาขาดิโอสยาม เครื่องสแกนบัตรประชาชนใช้งานไม่ได้,สาขา สาขาดิโอสยาม ผู้แจ้ง ปิยะวรรณ วันที่ 4/3/2569 เวลา 15.44 ปัญหา เครื่องไม่สามารถสแกนบัตรประชาชนได้ค่ะ,"🧡สาขา : สาขาดิโอสยาม
🧡 ผู้แจ้ง : ปิยะวรรณ
🧡วันที่ : 4/3/2569
🧡 เวลา : 15.44
🧡 ปัญหา : เครื่องไม่สามารถสแกนบัตรประชาชนได้ค่ะ",": เครื่องไม่สามารถสแกนบัตรประชาชนได้ค่ะ

[ผู้แจ้ง] ปิยะวรรณ (012)
[หมวดหมู่] Hardware
[หมวดหมู่ย่อย] ThaiID Reader
[บริษัท] Branch SPR
[สาขา] ดิโอสยาม
[เวลา] 04-03-2026 15:44:28

#category Hardware
#set Branch SPR=ดิโอสยาม
#set Category Hardware=ThaiID Reader
#set Contact=Line แจ้งปัญหาและแจ้งซ่อม
#set Day=Wednesday
#set User ที่แจ้ง=ปิยะวรรณ (012)",แจ้งปัญหา : IT,ᴘɪʏᴀᴡᴀɴ012♡︎,U7433e0247adb93045c8c2c874e539390,C873a1e27a46168fbff823dc1c9578a67,2026-03-04 15:44:28.000,ᴘɪʏᴀᴡᴀɴ012♡︎,2026-03-04 15:44:28.000,ᴘɪʏᴀᴡᴀɴ012♡︎,NULL,NULL,NULL
